id,y,0,1,2,3,4,5,6,7,8,9
0,1,-0.43999205420939774,-0.4120145662408151,-0.4046104156171722,-0.3993611015372855,-0.31302452628275707,-0.2606549444592523,-0.23089447693407175,-0.2794904821915789,-0.3086792759500628,-0.27987136274143315
1,1,-0.7234711155791607,-0.4911794268242204,-0.6641513023089222,-0.6566321808762763,0.11720405340993986,-0.2596118270314055,2.809049414393332,-0.2794904821915789,-0.3086792759500628,-0.27987136274143315
2,-1,-0.49991780260325464,-0.47588692514482933,-0.454462066984424,-0.41965852174745627,-0.23645350715542762,-0.19801574291705332,-0.2517701582682583,-0.24926826566435467,-0.19796391096614546,-0.2544569847222213
3,-1,0.38248076030854505,-0.24520289572578255,-0.2036090888781698,-0.16710816902325748,-0.10200304764397208,-0.14220896052725074,-0.19260180703112598,-0.21463594028766425,-0.23486903262745124,-0.21950466910910094
4,-1,-0.2688994871300265,-0.03866821012322048,-0.02181086409869524,-0.3155128165380913,-0.20906067623866414,-0.18325563131302142,-0.05209241343563952,-0.23422201194264647,-0.23486903262745124,-0.2372524770370066
5,1,0.763519175181696,0.8865671928121113,1.0273828381191057,1.1155319987835208,-0.022982787164084972,-0.07810939458606628,-0.0320196429219986,-0.020072314575920347,-0.013438302659616668,-0.038404588212104296
6,-1,-0.4491322738025755,-0.4098433121719332,-0.380639761527554,-0.07272772139611577,-0.2135724366249546,-0.19483423476212064,-0.20032210338252635,-0.2303307394284116,-0.2615883407102366,-0.19897999327410798
7,1,-0.5536276138782784,-0.5104083027867642,-0.5077855594498949,-0.3840059582884493,-0.18411708667445836,-0.1041873302822357,-0.12466319913880286,-0.2794904821915789,0.8720631864817537,-0.09877128184443651
8,1,-0.0824066786782271,-0.027890042443159378,-0.014584783344028624,0.007081530362263526,-0.18411708667445836,-0.057247046029130735,-0.1864255699500057,-0.2794904821915789,-0.1905828866338843,-0.1832846529297016
9,-1,-0.6779463562549408,-0.6688942292822713,-0.6641513023089222,-0.6566321808762763,-0.26545768106729484,-0.2606549444592523,-0.27906912616680996,-0.2794904821915789,-0.3086792759500628,-0.27987136274143315
10,-1,-0.0923404221589155,-0.24310974432124893,-0.20435661447348016,-0.1688976141299476,-0.20345320261570315,-0.1482068857373697,-0.20495428119336656,-0.2139873948686251,-0.20534493529840664,-0.22131566991807092
11,-1,-0.6665431240936772,-0.65677269577542,-0.6487688867254249,-0.6434073294211189,-0.26300843971473714,-0.2201819882587973,-0.23114152641731656,-0.21943517638855395,-0.25140252713171624,-0.23302680848274337
12,1,-0.24862054333808864,-0.20526119317807787,-0.17708023608460066,-0.17828794035648338,-0.1970078306352882,-0.2606549444592523,-0.20495428119336656,-0.21463594028766425,-0.2314737614346111,-0.22529987169780483
13,1,-0.5694393120812676,-0.45834506673220815,-0.5522882498907038,-0.5407272649658049,-0.16458760957380109,-0.15138839389230238,-0.24818794076120854,-0.21463594028766425,-0.271774154288757,-0.24968801592526704
14,-1,-0.3045933671811982,-0.24226623554628765,-0.5178024024270534,-0.5483281460856505,-0.18411708667445836,-0.13026526597840513,-0.09378201373320144,-0.2679463737326821,-0.23486903262745124,-0.27987136274143315
15,1,0.25260735071930834,0.3887876718548548,0.5316238633092886,0.5989106753149088,0.21536706867165933,-0.2606549444592523,0.059821002474260025,0.07260482580477366,-0.08724854598222818,-0.12165025873109042
16,-1,0.5525152955379021,0.5896364834928629,0.2772658207450237,0.4544598493691427,-0.11631177344049323,-0.09709413177287762,0.2178709093801281,-0.13032503581257524,0.4014490750567827,-0.27987136274143315
17,1,-0.1805244378802336,-0.5966492647601226,-0.6469582136167843,-0.6477701670145728,-0.10754606754712892,1.504821302171418,0.006581838835003174,-0.21236603132102724,-0.3086792759500628,-0.27987136274143315
18,1,-0.4049594440644848,-0.38599075847997194,-0.34663565278088143,-0.366264888230693,-0.17767171469404341,-0.1719899630922762,-0.06290082832760002,-0.14978139838374963,-0.23486903262745124,-0.21950466910910094
19,-1,-0.5856477722280121,-0.6150658730134444,-0.5618731891905718,-0.6566321808762763,-0.31302452628275707,0.06693608375602808,-0.06623599635140498,0.11981893231082352,-0.3086792759500628,0.588201691691504
20,-1,-0.6750661584410134,-0.6605684852627458,-0.64358604259794,-0.6403226669038721,-0.31302452628275707,-0.25043239366635384,-0.24614978252443884,-0.19920055931453257,-0.23804287309032354,-0.20821609739985483
21,1,-0.6722153504006975,-0.6567102136439413,-0.6641513023089222,-0.6566321808762763,-0.31302452628275707,-0.24031415461624012,-0.23089447693407175,-0.2794904821915789,-0.3086792759500628,-0.27987136274143315
22,-1,-0.390073523730258,-0.3688394133890921,-0.3409544582565229,-0.043517160321193266,-0.20667588860591063,-0.2189302473453812,-0.2667166520045694,-0.23577852094834043,-0.2617359611968818,-0.2400293449440939
23,1,-0.4988744656400462,-0.46145355277326927,-0.4306741413736594,-0.4107453808827045,-0.23568006251777782,-0.19775496356009162,-0.19877804411224628,-0.21463594028766425,-0.26439312995649583,-0.2478770151162971
24,1,0.3022760681227503,0.40120599548622954,0.49512800257824824,0.5166302850758623,-0.119663366870309,-0.1041873302822357,-0.06290082832760002,-0.08492685647983499,-0.2865362029532793,0.02799877478346114
25,1,0.6546888434982961,0.7664452950444739,0.894888079270322,0.9748986557320269,-0.003646671222840168,-0.13026526597840513,-0.03819588000311889,-0.05898503971826913,-0.05772444865318358,-0.07462460439150363
26,-1,-0.4330119829766655,-0.3816482503422082,-0.3668354555341564,-0.3419966041171051,-0.03213521537627418,0.6119127839345767,-0.06938587726277631,-0.1563965616579489,-0.23486903262745124,0.0022825632960876176
27,-1,-0.6341262038001881,-0.6418394663520309,-0.6004288982286896,-0.6146909960423298,0.14433906944748673,-0.2606549444592523,-0.17209669992180665,-0.030708459448162344,-0.1270322671331158,-0.05627312952727463
28,1,3.3386511390216866,3.662210919486628,4.068765475198753,4.231739876911091,0.46042011136703515,-0.2606549444592523,0.3385545819452184,0.5104378381981014,0.42942315727605246,0.3731151622795044
29,1,1.018842833431638,1.083057875779486,1.2410422649386965,1.3517217105322672,-0.31302452628275707,0.365215512248814,-0.27906912616680996,0.10315131504151746,0.06037194066299485,-0.008221241395938187
30,1,-0.527691138666126,-0.5140635074782631,-0.47404723758155487,-0.4695925613912853,-0.31302452628275707,-0.2606549444592523,-0.27906912616680996,-0.16923776095492402,-0.3086792759500628,-0.27987136274143315
31,1,-0.37886132509746917,-0.3570146700067642,-0.347599130214837,-0.3252439894516157,-0.31302452628275707,-0.088071166022003,-0.25553766288774166,-0.2794904821915789,-0.27996709129756686,-0.22614500540865748
32,-1,-0.3381711835323417,-0.28378561191382734,-0.22618436185654206,-0.21619009194961503,-0.18411708667445836,-0.15634320167457455,-0.15554438454440428,-0.14978139838374963,-0.16105878930483972,-0.15913797547676872
33,1,0.28215876808567575,0.16802268080803814,0.1546051763945449,0.09101502703320481,-0.05520964706615965,-0.052031458889896846,-0.06290082832760002,-0.14978139838374963,-0.12415366764353396,-0.17121131420323518
34,1,-0.6187406573145657,-0.5837467046097886,-0.5585508532114148,-0.5331434261803086,-0.21634394657653302,-0.182421137370744,-0.1864255699500057,-0.21463594028766425,-0.23486903262745124,-0.21950466910910094
35,1,-0.6405625642211076,-0.6511805450080839,-0.642340166605756,-0.633931791522836,-0.19449413556292638,-0.12797040763714224,-0.20903059766690593,-0.19433646867173898,-0.2103640318443442,-0.13233516350401323
36,-1,2.5813501474872544,1.0799806308041642,1.190310194536968,1.2475589629885528,0.49264697126910983,-0.2606549444592523,-0.007314694597517465,-0.005934024440866955,0.010402405933586854,-0.005202906714321578
37,1,0.06360171662372537,0.10286943820871228,-0.17065151596493175,-0.15715544576319054,-0.19681446947587578,-0.15696907213128264,-0.18556089675864887,-0.21197690406960376,-0.23073565900138499,-0.21479606700577902
38,1,-0.6051038023588279,-0.5914632478473976,-0.5818072050655143,-0.5721533295061533,-0.31302452628275707,-0.2606549444592523,-0.27906912616680996,-0.2794904821915789,-0.3086792759500628,-0.27987136274143315
39,-1,0.02833398828992042,0.015082043481258127,-0.5108919435904067,-0.49254858575996713,-0.15189022677238367,-0.13000448662144343,-0.12274856564365558,-0.24511757498250414,-0.16105878930483972,-0.21950466910910094
40,1,2.806725626427074,3.096169669888985,3.423667498125826,3.6204995131344457,0.2524279575590452,0.2901632133152384,0.25387837156305937,0.29991999517799445,0.35443195006027917,0.2819010882010504
41,-1,-0.5638552550950818,-0.659162637304477,-0.58615946519821,-0.5861962130100833,0.33151267175873644,0.14428324103086662,-0.24059116915143058,0.025001592047300326,0.13218930741589588,-0.012990210192892433
42,1,-0.5340246348794051,-0.422214774204699,-0.5155764373210182,0.8540514628602209,-0.22665654174519692,0.2501596599573145,0.15351451899485474,-0.21463594028766425,6.27054438309756,-0.029349584167254465
43,1,-0.4888966374989406,-0.6561322539277641,-0.6459615128230372,-0.6328922091275208,-0.05520964706615965,0.0034623882715516968,-0.22836221973081244,-0.2081504860972728,-0.20586160700166492,-0.05071939371310007
44,-1,-0.4405798496816278,-0.3849910443763141,-0.33397755270029306,-0.3256870901447009,-0.21279899198730481,-0.182421137370744,-0.13701567330104342,-0.14978139838374963,-0.3086792759500628,-0.21950466910910094
45,-1,4.593344659157215,4.85180822070798,4.309435493528891,3.784940997272093,0.5248738311711845,0.4695272550334917,0.46702031323252036,0.36905493684756746,0.3925180356147467,0.08232879905256013
46,1,-0.5143775712201146,-0.45295598289217764,-0.3652739576239526,-0.3967365820474733,0.11404582113953654,0.3884770308897971,0.8169659062487956,0.10963676923190893,0.11565581291163088,-0.22385107105062887
47,-1,-0.6517600679670906,-0.6439013766908253,-0.6641513023089222,-0.4578333506901788,-0.31302452628275707,-0.16771318163810442,-0.18024933286888542,-0.2794904821915789,0.5523172124082006,-0.27987136274143315
48,-1,-0.6779463562549408,-0.6688942292822713,-0.6641513023089222,-0.6566321808762763,-0.31302452628275707,-0.2606549444592523,-0.27906912616680996,-0.2794904821915789,-0.3086792759500628,-0.27987136274143315
49,1,0.12367441388563978,-0.44453651567543423,0.9544907867363998,0.8893972643009381,-0.11959891315050485,-0.051770679532935154,-0.15424737475736902,6.040000935467767,0.060445750906317465,0.022022472113860252
50,1,0.1784128672370662,0.2699310372496593,0.3561879119298998,0.5737732321495,-0.31302452628275707,-0.13548085311763902,-0.09378201373320144,-0.1173541274317923,0.5457481007524883,-0.2775170616897722
51,1,0.06280819273621475,0.04254294026610945,-0.000298738633653245,0.044574665931008874,-0.119663366870309,-0.15634320167457455,-0.15554438454440428,-0.14978139838374963,-0.16105878930483972,-0.15913797547676872
52,1,-0.5644283556805062,-0.49322571663014503,-0.5021043649255363,-0.5158624991499869,0.11552825669503199,-0.11962546821436801,0.04518332059200495,-0.27923106402396325,-0.3086792759500628,-0.2784225620942572
53,1,-0.5360819190322105,-0.5072529551470941,-0.49730358943565434,-0.48605545637283437,-0.22278931855694795,-0.2606549444592523,-0.21730675535560712,-0.2794904821915789,-0.2706670006389178,-0.2591052201319109
54,1,-0.6731558231562657,-0.6638019355667641,-0.6562441426785283,-0.6485200297259478,-0.29201261362660436,-0.2436521303853498,-0.25893459328235785,-0.24861972024531553,-0.27354560012849966,-0.26019182061729285
55,-1,-0.6492766320969185,-0.6384185696535768,-0.6122564143144887,-0.6010912132314848,0.22310151504815726,-0.15889883937279917,-0.27906912616680996,-0.07688489328374956,-0.0681316929616718,-0.27987136274143315
56,-1,0.015182064598772324,0.038903356107480115,0.1043548447097943,0.15016896956007533,-0.31302452628275707,-0.06939936406354569,-0.27906912616680996,-0.1705348517930023,-0.17227794628987667,-0.16740821250439825
57,1,0.4644047542506128,0.5375576269054373,0.6122071224837432,-0.06439401989924465,-0.1003272509290642,-0.046815871750662964,-0.15554438454440428,-0.2794904821915789,-0.3086792759500628,-0.27987136274143315
58,1,-0.004068237116762873,0.04622938602334773,0.123258936431198,0.03419588431220619,-0.18411708667445836,-0.182421137370744,-0.21730675535560712,-0.11475994575563571,-0.16105878930483972,-0.27987136274143315
59,1,-0.6779463562549408,-0.6576786866818598,-0.6563770361176946,-0.650394686504385,-0.27725271179145417,-0.2606549444592523,-0.23472374392436632,-0.24913855658054684,-0.2816647268939869,-0.27987136274143315
60,-1,-0.45476041544917856,-0.5504593490645564,-0.5355602882356479,-0.5210092841235147,-0.2292346905373629,-0.2029705506993255,-0.1864255699500057,-0.2612663559165789,-0.2831409317604392,-0.2702730584538923
61,-1,-0.6567416345942406,-0.6463538003513609,-0.6401806482193039,-0.6320400924100492,-0.22001780860536954,-0.1853940220401073,-0.18994602508624425,-0.18590537822423006,-0.20217109483553433,-0.19276222382997776
62,1,0.002338733530545024,0.06756703392329477,0.10450434982885635,0.17929431896325068,-0.0748680316064252,-0.15634320167457455,-0.16172062162552456,-0.2794904821915789,-0.03558137565640013,-0.27987136274143315
63,1,0.310417035413137,0.3879754041456328,0.4810080746668307,0.5478177569353186,-0.31302452628275707,0.052280283894780864,-0.149368147463284,-0.08492685647983499,-0.08724854598222818,-0.12895462866060262
64,1,1.831572937997367,1.9358140061996243,2.1388869516259974,2.185296368231573,0.2670589519545871,0.052280283894780864,-0.27876031431275394,0.10042742428155305,0.11506533096504999,0.05866505514868591
65,-1,-0.6291887218334555,-0.6489311882748537,-0.6219410236937316,-0.3932940305088885,-0.11605395856127664,-0.08728882795111792,-0.20013681627009272,-0.14958683475803788,0.7984743738891101,0.5051371212534149
66,-1,0.4471676520274656,0.6248764056468018,0.6940694810101733,0.47020696630801573,0.20260523215043774,0.2609037694641363,0.3385545819452184,0.36905493684756746,0.42942315727605246,-0.09877128184443651
67,1,-0.6779463562549408,-0.6688942292822713,-0.6641513023089222,-0.6566321808762763,-0.31302452628275707,-0.2606549444592523,-0.27906912616680996,-0.2794904821915789,-0.3086792759500628,-0.27987136274143315
68,1,0.7426671308043338,0.8616524428850135,1.0435792260174965,1.0639618950421466,-0.029428159144499907,-0.06246263316836462,-0.04437211708423917,0.19394767370699795,-0.3086792759500628,-0.2388823777650796
69,1,-0.6212093982979321,-0.5928378547399271,-0.5816576999464522,-0.5702275457246677,-0.24515475932898778,-0.2046916944552727,-0.21230400331989968,-0.2679463737326821,-0.29509819117870223,-0.2687035244194517
70,-1,-0.5003586492074272,-0.4066567234665239,-0.3586957323852216,-0.26077283860772316,-0.05520964706615965,0.00012441250244201008,0.029742727889204238,-0.14978139838374963,0.06037194066299485,-0.24968801592526704
71,1,-0.6779463562549408,-0.6688942292822713,-0.6641513023089222,-0.6566321808762763,-0.31302452628275707,-0.2606549444592523,-0.27906912616680996,-0.2794904821915789,-0.3086792759500628,-0.27987136274143315
72,1,-0.6307757696084767,-0.6688942292822713,-0.6641513023089222,-0.6104133701206229,-0.31302452628275707,-0.09323459728984454,-0.27906912616680996,-0.2794904821915789,-0.10850589605914031,-0.27987136274143315
73,-1,-0.6207979414673711,-0.6567102136439413,-0.6576727471495658,-0.6499856704799987,-0.2878875755591388,-0.05782076061444646,-0.23089447693407175,-0.2794904821915789,-0.27989328105424427,-0.2563283522248236
74,1,-0.4054884599894919,-0.3681364894099577,-0.3409544582565229,-0.3273231542422461,-0.1248841181744451,-0.2606549444592523,-0.19890156885386867,-0.21463594028766425,-0.2576025875708156,-0.23363047541906667
75,1,-0.6779463562549408,-0.6688942292822713,-0.6641513023089222,-0.6114699948502876,-0.31302452628275707,-0.2606549444592523,-0.27906912616680996,-0.2794904821915789,-0.11308213114514222,-0.27987136274143315
76,-1,-0.22854732796143135,-0.2161643251210962,-0.1999046842614097,-0.20279481715096329,-0.1970078306352882,-0.1041873302822357,-0.19235475754788117,-0.2432367932672906,-0.2693384162591108,-0.21950466910910094
77,-1,-0.6640596882235051,-0.6688942292822713,-0.6608788013694524,-0.6055903894997343,-0.31302452628275707,-0.21136764599349206,-0.27906912616680996,-0.2667141374365077,-0.08761759719884125,-0.27987136274143315
78,1,2.146719480433526,1.4698066490992436,0.985504793101831,1.0263494631329553,0.6537812707794832,0.11335480929520966,0.056115260225587854,-0.020072314575920347,-0.04901483994111542,0.0073533655612035235
79,1,0.08825973668377732,0.15416726815265525,0.23618513636274663,0.24961099048899765,-0.1712263427136285,-0.15634320167457455,-0.15554438454440428,-0.1173541274317923,-0.3086792759500628,-0.008221241395938187
80,-1,-0.6779463562549408,-0.6394026632243649,-0.5847973074467556,-0.5756470080477863,-0.31302452628275707,-0.2606549444592523,-0.162461770075259,0.030319664483421327,0.0420670003189872,-0.16589904516358994
81,1,-0.33098538388432897,-0.2654939679234628,-0.24701540844585687,-0.21850784942113746,-0.31302452628275707,-0.1877931921241549,-0.11780757597875935,-0.2794904821915789,-0.23486903262745124,-0.21395093329492637
82,-1,-0.63425845778144,-0.6688942292822713,-0.6481708662491766,-0.5973078150059115,-0.09355961034962851,-0.2606549444592523,-0.27906912616680996,-0.217100412880013,-0.05174581894405205,-0.27932806249874215
83,-1,-0.5624298510749238,-0.5487567109817642,-0.6641513023089222,-0.6566321808762763,-0.18411708667445836,-0.15634320167457455,-0.15554438454440428,-0.2794904821915789,-0.3086792759500628,-0.27987136274143315
84,-1,-0.5318204018585423,-0.5104707849182428,-0.5048286804284451,-0.47939190364220735,-0.14415578039588575,-0.2606549444592523,-0.24818794076120854,-0.2548457562680913,-0.23486903262745124,-0.27987136274143315
85,1,2.9192443746987173,1.5213856486348403,2.352048028048715,2.204860968064718,0.505215446630919,0.24995103647174513,0.0483949638741875,5.921965669202642,0.5711388244554666,0.08878803527121969
86,1,-0.21877522823560622,-0.04333874945124695,-0.4573358876063948,-0.6175370658786845,0.02258599273744862,-0.2606549444592523,0.2767922111340156,0.5279485645121583,-0.13935857776799193,-0.27987136274143315
87,1,0.011170360500802012,0.09902678712277746,-0.5530191638061183,-0.560087356786757,2.7095326639328268,-0.1680782727378508,2.8837201207040764,-0.25173273825670345,0.10945575247253152,0.24803537307331208
88,1,-0.6779463562549408,-0.6688942292822713,-0.6641513023089222,-0.6566321808762763,-0.31302452628275707,-0.2606549444592523,-0.27906912616680996,-0.2794904821915789,-0.3086792759500628,-0.27987136274143315
89,1,-0.35333630671587785,-0.31394886088512874,-0.2596402851666537,-0.25087124235070446,-0.31302452628275707,-0.18763672450997787,-0.21730675535560712,-0.14978139838374963,-0.3086792759500628,-0.15467084014797614
90,-1,-0.5491897580629412,-0.5720469254904179,-0.6641513023089222,-0.6566321808762763,-0.15646644087847827,-0.2603941651022906,-0.21347748836531255,-0.2794904821915789,-0.3086792759500628,-0.27987136274143315
91,-1,-0.6505991719094363,-0.6688942292822713,-0.6345825120944243,-0.6126459159203982,-0.03432664184961526,-0.16359286779810966,-0.27906912616680996,-0.16404939760261084,-0.11817503793440241,-0.15068663836824223
92,-1,-0.3556434039443809,-0.4168256903646685,-0.3978660735794834,-0.39464037492249343,0.103024235053027,-0.2606549444592523,-0.1864255699500057,-0.08492685647983499,0.06037194066299485,0.02196210542022792
93,-1,-0.6779463562549408,2.3935112398133493,2.693550943346269,4.386041172110828,-0.29523529961681183,-0.2606549444592523,12.20489712353081,0.33662766589561016,6.961629691327172,0.7463624290082145
94,1,0.2201316508785963,0.3047960666147265,0.43547546007248317,0.45076166281531643,-0.11321799488989406,-0.2606549444592523,-0.1410302274037716,0.036351136880485385,-0.3086792759500628,-0.12515152696176568
95,1,-0.6779463562549408,-0.6642080694213751,-0.6591677983401866,-0.6442253614698915,-0.31302452628275707,-0.2606549444592523,-0.25652586082072093,-0.2794904821915789,-0.2660169553095933,-0.26791875740223137
96,-1,0.2436434697677996,0.29122182355099735,0.2578135435870591,0.32998263928090815,-0.05520964706615965,0.0016890886442121758,0.3385545819452184,0.04478222732799429,0.42942315727605246,0.323795573581889
97,-1,-0.6594748835401105,-0.6688942292822713,-0.6447322485107491,-0.6457080445582919,-0.31302452628275707,-0.19509501411908234,-0.27906912616680996,-0.20367552270590267,-0.2613669099802688,-0.27987136274143315
98,-1,0.22420213452378962,0.26238631987361655,0.3294597189775812,0.3415543843041709,0.04147093264006438,-0.15634320167457455,-0.27894560142518754,-0.1493274165904222,-0.14445148455725212,-0.16233741023928233
99,-1,-0.6783578130855019,-0.6751580629630024,-0.5792822297213549,-0.537318798095919,0.6041519065302883,-0.2606549444592523,-0.27906912616680996,0.17449131113582356,-0.16105878930483972,-0.04329429039632321
100,-1,0.14900839873875632,0.1736148315753742,0.1953370154990105,0.17917502262280469,-0.31302452628275707,-0.15472636966141207,-0.16060889895092292,-0.15023538017707702,-0.18954954322736775,-0.17187534783319083
101,1,-0.6583727670296791,-0.6584909543910819,-0.6530879234983291,-0.6495425697869135,-0.27009834889319356,-0.1911833237646569,-0.27906912616680996,-0.23629735728357174,-0.2779742147278564,-0.254758818190383
102,-1,-0.6728913151937621,-0.6487281213475482,-0.6443335681932503,-0.6240131529314679,-0.24509030560918363,-0.2427133247002877,-0.20538661778904496,-0.2794904821915789,-0.08724854598222818,-0.27987136274143315
103,1,0.11679720686054781,0.18400248593369395,0.2592089246983051,0.31524102006865146,-0.2485708064786077,-0.2606549444592523,-0.15554438454440428,-0.14978139838374963,-0.12415366764353396,-0.27987136274143315
104,-1,-0.6717891986833308,-0.6623492260098863,-0.657191008432588,-0.6494914427838653,-0.28601841768481845,-0.2388016343458623,-0.253190692796916,-0.25231642913383867,-0.27775278399788855,-0.254577718109486
105,-1,-0.43709716150866457,-0.5143915386685258,-0.5047788453887577,-0.48965138892056403,-0.23097494097207494,-0.15634320167457455,-0.06055385823677431,-0.2794904821915789,-0.271774154288757,-0.24968801592526704
106,1,-0.6779463562549408,-0.6688942292822713,-0.6641513023089222,-0.6566321808762763,-0.31302452628275707,-0.2606549444592523,-0.27906912616680996,-0.2794904821915789,-0.3086792759500628,-0.27987136274143315
107,-1,0.16288037188338628,0.2311764952000483,0.13857490529511207,0.11167033626471362,-0.08653415489097624,-0.1041873302822357,-0.15554438454440428,-0.14978139838374963,-0.18792571787427031,-0.17809311727732105
108,1,-0.2983480402887536,-0.24098535185097603,-0.16709661646723367,-0.11333960415080677,-0.31302452628275707,-0.15634320167457455,-0.15554438454440428,-0.08492685647983499,-0.1167726433112728,-0.27987136274143315
109,1,-0.6779463562549408,-0.6688942292822713,-0.6641513023089222,-0.6566321808762763,-0.31302452628275707,-0.2606549444592523,-0.27906912616680996,-0.2794904821915789,-0.3086792759500628,-0.27987136274143315
110,-1,-0.32381427912312194,-0.5476164120822794,-0.5843487920895695,-0.4824424814907553,0.6556504286538036,0.0026278943292742754,-0.2649255432510445,-0.2598395559946928,0.1355107683654134,-0.24968801592526704
111,-1,-0.38171213313778507,-0.5587226109526032,-0.6641513023089222,-0.637544766404915,-0.18411708667445836,0.7907552669389067,-0.24818794076120854,-0.2794904821915789,-0.22601180342873786,-0.16463134459731096
112,-1,-0.46861769370700274,-0.4314777501964037,-0.315638258095346,-0.3455243673274371,-0.18411708667445836,-0.182421137370744,-0.2037807961479537,0.10963676923190893,-0.23486903262745124,-0.21950466910910094
113,-1,0.9890122132159612,1.0952887530164248,1.364500269924173,1.414812432293856,0.9790147409112209,0.0025235825864895977,0.3385545819452184,0.3721679548589554,0.43259699773892474,0.02280723913108057
114,1,-0.284872829087879,-0.23019156363804527,-0.20992152723856825,-0.20044297501074199,-0.2030020265770741,-0.07925682375669774,-0.15103573147518648,-0.2794904821915789,-0.3086792759500628,-0.2117173656305301
115,1,-0.15129630802359276,-0.07603252474743229,-0.003222394295311462,0.05234597039434882,-0.119663366870309,-0.1041873302822357,-0.09378201373320144,-0.08492685647983499,-0.08724854598222818,-0.27987136274143315
116,-1,-0.6574763789345281,-0.6447917470643955,-0.6376390611952487,-0.6060164478584701,-0.22324049459557702,-0.18800181560972426,-0.18376978800512397,-0.17598263331293112,-0.08946285328190653,-0.27987136274143315
117,1,-0.6658965490742241,-0.6688942292822713,-0.6200805155454037,-0.6566321808762763,-0.027752362429592024,-0.21788712991753442,-0.27906912616680996,-0.10743138252049336,-0.3086792759500628,-0.27987136274143315
118,-1,0.010303362179262641,0.09081038683333958,-0.34233322768787305,-0.31358703275660577,-0.15189022677238367,-0.13026526597840513,-0.09378201373320144,-0.18220866933570692,-0.16105878930483972,-0.09877128184443651
119,1,0.0071439615160259476,0.04298031518645975,0.14447205165811586,0.15703703030289548,-0.18411708667445836,-0.15634320167457455,-0.27906912616680996,-0.020072314575920347,-0.3086792759500628,-0.15913797547676872
120,1,-0.06345027469880694,-0.6571944501629006,-0.5715910219296063,-0.47644357979975605,-0.16478097073321354,-0.14069644025687292,-0.23280911042921903,0.08187902529703346,0.10266521008685126,0.552766442529325
121,-1,4.298624009381052,2.7958649254698913,3.028691585243738,3.053552176331968,0.33151267175873644,0.2609037694641363,6.761841146310314,0.36905493684756746,-0.3086792759500628,0.26342887994955677
122,-1,-0.6779463562549408,-0.6688942292822713,-0.6641513023089222,-0.6491505960968766,-0.2485708064786077,-0.2606549444592523,-0.27906912616680996,-0.2794904821915789,-0.27627657913143633,0.9853541690986177
123,-1,0.5570560155608795,0.7136478939450441,0.7611640561092502,0.7967380924430889,-0.05520964706615965,-0.052031458889896846,0.1532674695116099,-0.2794904821915789,-0.05034342432092243,0.14269549268489234
124,-1,-0.11754215303078028,-0.06120863905413086,0.024951014807940448,0.0294410730287153,0.18797423775489586,-0.1757451858325246,-0.192910618885182,-0.07130740268001291,-0.3086792759500628,-0.15913797547676872
125,1,1.231786438133791,0.7894387194286042,0.8315643555075883,0.8750135341100195,0.08658853650296892,-0.2606549444592523,-0.06290082832760002,-0.0694914755067033,-0.0713055334245441,-0.08627537626254375
126,-1,-0.5995785249198651,-0.5855899274884078,-0.575561213424699,-0.29281242718465095,-0.31302452628275707,0.01749231767609085,0.05030959736933478,0.06637878978199786,1.2670217985010481,0.04206421439979455
127,-1,-0.022789522907291,-0.2721014533273263,-0.3129803893120204,-0.3827277832122421,-0.19301170000743095,-0.17757064133125647,-0.18407859985918,-0.22533693970181018,-0.27539085621156495,-0.24648858116275346
128,1,-0.4656199367986293,-0.43277425442458495,-0.42191978606858055,-0.4145287791082779,-0.31302452628275707,-0.2606549444592523,-0.20495428119336656,-0.2794904821915789,-0.3086792759500628,-0.1452536359413323
129,-1,-0.6588430034074632,-0.6688942292822713,-0.6309279425173515,-0.6566321808762763,0.23341411021682115,-0.19285231164921177,-0.27906912616680996,-0.14978139838374963,-0.3086792759500628,-0.179723018005394
130,1,-0.6722153504006975,-0.6567102136439413,-0.6576727471495658,-0.6499856704799987,-0.31302452628275707,-0.24031415461624012,-0.23089447693407175,-0.2794904821915789,-0.27989328105424427,-0.27987136274143315
131,1,0.5895758000620088,0.6924352103080543,0.7584065172465498,0.8943395412622728,-0.31302452628275707,-0.2606549444592523,-0.08142953957096087,-0.2794904821915789,0.19345180937366344,0.13967715800327574
132,1,-0.187019577848376,-0.16002412998756058,-0.09388894316650775,-0.08327692635841276,-0.1970078306352882,-0.16155878881380845,-0.27906912616680996,-0.11086867324140083,-0.3086792759500628,-0.1772479835664684
133,1,-0.6779463562549408,-0.6688942292822713,-0.6641513023089222,-0.645912552570485,-0.31302452628275707,-0.2606549444592523,-0.27906912616680996,-0.2794904821915789,-0.2622526329001401,-0.13046379600141092
134,1,-0.3467529974269009,-0.31174636575050757,-0.27385988315744597,-0.24591192305502044,-0.119663366870309,-0.2606549444592523,-0.21730675535560712,-0.21463594028766425,-0.23486903262745124,-0.21950466910910094
135,1,-0.37329196299808914,-0.35732708066415725,-0.3394594070659022,-0.3235227136823233,-0.10767497498673723,-0.2606549444592523,-0.27906912616680996,-0.2794904821915789,-0.3086792759500628,-0.27987136274143315
136,1,0.48804882712106784,0.6014456063423211,0.6074727937134444,0.6848551674390828,0.13170614036587347,-0.2606549444592523,0.07915262453816652,-0.2794904821915789,-0.013438302659616668,-0.15913797547676872
137,1,-0.29172064633935946,-0.25421594319157276,-0.21365915521511994,-0.1846106464001218,-0.18411708667445836,-0.15634320167457455,-0.21730675535560712,-0.21463594028766425,-0.2328023458144181,-0.21950466910910094
138,-1,-0.4159365245083816,-0.3848504595804872,-0.3557554650436676,-0.3315326108265553,-0.23052376493344587,-0.1941040525626279,-0.24015883255575218,-0.23714046632832264,-0.24977870177861877,-0.24479831374104816
139,1,-0.4128799880527852,-0.37160424770702083,-0.3755731991593395,-0.3516936923619306,-0.2292346905373629,-0.18763672450997787,-0.19877804411224628,-0.23409230285883864,-0.24963108129197353,-0.21950466910910094
140,-1,1.5449050861907558,1.6660317830078342,1.745223361455677,1.1753335500156696,0.2876841422919149,-0.005404109865145909,-0.07519154011902938,-0.27929591856586716,0.059929079203059184,6.775787789005556
141,1,1.4337676572788531,1.6987411788368891,1.8243946278389898,1.9523447000092182,-0.31302452628275707,0.00012441250244201008,0.307673396539617,-0.2794904821915789,0.06074099187960791,0.08293246598888346
142,-1,1.049364113327185,1.1144707673803598,1.3561778182963846,1.4594803906237113,0.009244072737989701,0.00012441250244201008,-0.27906912616680996,0.33662766589561016,0.0382288676662114,-0.27987136274143315
143,-1,-0.6476454996614801,-0.6375438198128761,-0.6292003278081898,-0.6499175011426009,0.18081987485663528,-0.1529009141626802,-0.15511204794872585,-0.14277710785812683,-0.27959804008095385,-0.08585280940711743
144,1,-0.09159098293182213,-0.05656934079184369,-0.024086664244417827,-0.09438852835424093,-0.04341461634200032,-0.1772055502315101,-0.20001329152847033,-0.19453103229745072,-0.20298300751208306,-0.21419240006945572
145,1,0.6756290571964929,0.5137363142792153,0.39683669263488647,0.24100461164253564,0.3389893032560178,-0.08854056886453404,0.029742727889204238,0.36905493684756746,0.42942315727605246,1.5311294462285332
146,-1,-0.529645558611291,-0.5173750604466297,-0.4980345033510689,-0.4879130708169222,-0.31302452628275707,-0.2606549444592523,-0.27906912616680996,-0.2599044105365967,-0.3086792759500628,-0.27987136274143315
147,1,-0.4004628087019247,-0.3892710703825992,-0.34452596943411673,-0.33633854911309446,-0.23174838560972472,-0.08854056886453404,-0.19871628174143507,-0.17306417892725498,-0.3086792759500628,-0.22795600621762746
148,-1,-0.6779463562549408,-0.6688942292822713,-0.6641513023089222,-0.6566321808762763,-0.31302452628275707,3.390256053004468,-0.27906912616680996,-0.2794904821915789,-0.3086792759500628,-0.27987136274143315
149,-1,-0.17305943538291155,-0.12239426630456465,-0.0699515124366811,-0.032507812331461675,-0.18411708667445836,-0.16677437595304234,-0.1864255699500057,-0.18220866933570692,-0.1905828866338843,-0.18932132229293483
150,1,1.394708648149164,1.5724960321843473,1.762150663269482,1.8973490870636085,-0.005515829097160499,-0.0023790693243902553,-0.030846157876585747,-0.011511515044603614,0.06310291966593148,-0.0685879350282704
151,1,2.0285578956284733,1.7830451947344106,1.9581020393201658,2.04374273912521,-0.31302452628275707,0.20984317137103656,0.09150509870040709,0.07649609831900855,0.10982480368914457,0.08232879905256013
152,-1,-0.6722153504006975,-0.4333365936078925,-0.6511941919902096,-0.6566321808762763,-0.2878875755591388,-0.24031415461624012,0.6523074256661289,-0.2794904821915789,-0.3086792759500628,-0.27987136274143315
153,1,-0.6495117502858105,-0.6500714871743385,-0.6422238848464855,-0.6384309677910853,-0.11270236513146087,-0.15884668350140682,-0.2037807961479537,-0.19349335962698808,-0.2294808848649006,-0.2683413242576577
154,1,1.6214507515619183,1.8824074043182781,2.0296485446313133,2.255340362407729,0.009244072737989701,0.13051409098328914,0.40031695275642126,-0.08492685647983499,0.5301741394114172,0.14269549268489234
155,-1,0.20431995267560707,0.25095208981302997,-0.1815820013363585,-0.21259415940188536,-0.14415578039588575,-0.10908998219311555,-0.11922811050741701,-0.21106894048294894,-0.15677779519212826,-0.19904035996774033
156,-1,-0.6779463562549408,-0.6645673416773772,-0.6209775462597761,-0.5894683412051739,-0.2477973618409579,-0.2606549444592523,-0.2619609494521068,-0.110738964157593,-0.15965639468171008,-0.2120795657923241
157,1,-0.2425662499741188,-0.16356999094897198,-0.11234451953072525,-0.10221095982062917,-0.0791864308333032,-0.2606549444592523,-0.08031781689635922,-0.18013332399478166,-0.3086792759500628,-0.14362373521325936
158,-1,0.7166130964977354,0.7817221761909953,0.8892733314655467,0.8031971371615227,0.7182349905836326,0.0008024388305424152,0.031225024788673107,0.36905493684756746,0.06037194066299485,0.323795573581889
159,1,0.024910079664180188,0.08804555251541087,0.11952130845464629,0.15221404968200689,-0.31302452628275707,-0.052031458889896846,-0.15554438454440428,-0.2794904821915789,-0.16105878930483972,-0.1772479835664684
160,-1,-0.6779463562549408,-0.6688942292822713,-0.6641513023089222,-0.6566321808762763,-0.26275062483552053,-0.2606549444592523,-0.27906912616680996,-0.2794904821915789,-0.3086792759500628,-0.27987136274143315
161,-1,-0.5984029339754049,-0.5776546967906236,-0.5775213916524017,-0.5088580997323713,-0.119663366870309,-0.2606549444592523,0.029742727889204238,-0.2794904821915789,0.3313293439003018,0.14269549268489234
162,1,-0.11047391247721354,-0.528325053988257,-0.5168057016333063,-0.5564914242390273,-0.31302452628275707,-0.1612458535854544,-0.24818794076120854,-0.24706321123962158,-0.2865362029532793,-0.21950466910910094
163,1,-0.08480194522756469,-0.0006322125856135596,0.03297445619760476,0.1761414871086062,-0.17767171469404341,-0.2606549444592523,-0.0690770654087203,-0.2794904821915789,0.2670406219663071,-0.27987136274143315
164,-1,1.074845047048359,1.2334055046499035,1.4194018719797434,1.73713410184462,0.047916304620479314,0.052280283894780864,-0.01349093167863775,0.0772094982799516,0.9460948605343331,0.040072113509927586
165,1,0.37841027666335175,0.5302472175224393,0.6392343256741859,0.7048799102996628,-0.10677262290947913,-0.09375615600376794,0.09150509870040709,-0.08492685647983499,-0.1020105946467505,-0.08669794311797006
166,-1,-0.6779463562549408,-0.6688942292822713,-0.6523570095829145,-0.5269229741427668,-0.31302452628275707,-0.2606549444592523,-0.27906912616680996,-0.2334437574397995,0.25309048597833356,0.006870432012144866
167,1,-0.6779463562549408,-0.6688942292822713,0.15854214452984602,-0.6566321808762763,-0.31302452628275707,-0.2606549444592523,-0.27906912616680996,2.9324307055997934,-0.3086792759500628,-0.27987136274143315
168,1,-0.6512457469288894,-0.6818280304983446,-0.561939635910155,-0.44082510100944794,-0.23426208068208654,-0.1648446087115258,-0.27906912616680996,0.2304607807989019,0.6268655581640383,-0.10124631628336213
169,1,-0.6779463562549408,-0.6688942292822713,-0.5877541864682054,-0.5751868650203518,-0.31302452628275707,-0.2606549444592523,-0.27906912616680996,0.01877555602452452,-0.2570121056242347,-0.27987136274143315
170,1,1.1338009329130363,1.2249704169002904,1.3525564720791035,1.4201978099482757,0.10592465244421373,0.05749587103401475,0.005223066677156711,0.030125100857709582,0.35561291395344097,-0.27987136274143315
171,-1,-0.6779463562549408,-0.6688942292822713,-0.6641513023089222,-0.6566321808762763,-0.31302452628275707,-0.2606549444592523,-0.27906912616680996,-0.2794904821915789,-0.3086792759500628,-0.27987136274143315
172,-1,-0.5536716985386957,0.09271609184343733,-0.5943822467466238,-0.5320186321132463,-0.2269143566244135,0.18042725990575745,2.732278787475007,-0.007101406195137419,0.2310212232248727,1.0325005568254693
173,1,-0.6117752809686393,-0.5853712400282326,-0.5582518429732907,-0.5360235806853623,-0.2485708064786077,-0.20505678555501905,-0.19877804411224628,-0.18220866933570692,-0.22010698396292894,-0.2717822257947006
174,1,-0.39434973579073185,-0.35760825025581106,-0.32852892169447545,-0.3090026448166092,-0.21634394657653302,-0.182421137370744,-0.2234829924367274,-0.23409230285883864,-0.19944011583259771,-0.27987136274143315
175,1,-0.6779463562549408,-0.6688942292822713,-0.6641513023089222,-0.6566321808762763,-0.31302452628275707,-0.2606549444592523,-0.27906912616680996,-0.2794904821915789,-0.3086792759500628,-0.27987136274143315
176,-1,0.35745536807834927,0.38325800321899733,0.5271220980575307,-0.18968926203625183,0.4350253457642003,3.420454302540632,0.3399133541030649,1.017600355886714,1.7136475808461704,4.032061196722425
177,1,-0.5804163925251644,-0.5704848722034526,-0.45982763959076267,-0.6566321808762763,-0.31302452628275707,0.08550357397170072,-0.27906912616680996,0.10963676923190893,-0.3086792759500628,-0.0974432145845252
178,-1,0.11714988414388587,0.19196895769721736,0.27753160762335627,0.3364587263336914,-0.18411708667445836,-0.07810939458606628,-0.09378201373320144,-0.1173541274317923,-0.12415366764353396,-0.12895462866060262
179,1,-0.005743454212618609,0.004710009655808028,0.039237059518315826,0.07652904283618957,-0.31302452628275707,-0.08332498172530016,-0.27906912616680996,-0.1803927421623973,-0.08444375673596895,-0.27987136274143315
180,-1,-0.5038707271540019,-0.26401001730084567,-0.5306764543462871,-0.5114144498847858,0.4816253851826003,0.3571835080543938,1.3220585747428124,-0.26904890094504863,0.32025780740191,0.054439386594422656
181,-1,-0.12925397781496467,-0.06876897696304328,-0.011046495526226349,-0.04477829306305106,-0.20989857459611808,-0.15634320167457455,-0.17388780867533152,-0.17572321514531547,-0.20534493529840664,0.3449239163532053
182,1,-0.3349236135482705,-0.28875294136637725,-0.2575804368595763,-0.2366579355032801,-0.20590244396826082,-0.17219858657784556,-0.17475248186668838,-0.21359826761720163,-0.24276672866297067,-0.21346799974586772
183,1,0.9688214387448578,1.3655083511285653,1.4618114907536834,1.5640691965261613,-0.053727211510664216,-0.05046678274812668,0.9561782900572469,-0.2794904821915789,0.023466819001689093,-0.27987136274143315
184,-1,-0.231530389982999,0.647245008716146,0.7438879090176335,0.811377457649249,-0.21634394657653302,-0.1716770278639222,3.1178612684493463,-0.07195594809905205,-0.06510547298544474,-0.08066127375473685
185,1,0.0671137945703001,0.10686829462334364,-0.6641513023089222,-0.6566321808762763,-0.19668556203626747,-0.1295350837789124,-0.12620725840908292,-0.2794904821915789,-0.3086792759500628,-0.27987136274143315
186,-1,0.5252856702868436,0.62179916067148,0.7379409276149423,0.8106446372722235,-0.12610873885072393,-0.059854839598747676,-0.09378201373320144,-0.07844140228944352,-0.08075324456983837,-0.08965591110595435
187,-1,0.4741474642028264,0.10425966563411147,0.1757684565817754,0.12189573687437144,-0.11321799488989406,-0.09897174314300182,-0.17598772928291243,-0.16541134298259305,-0.18320186230162316,-0.09871091515080418
188,-1,-0.43608321431906766,-0.43844450785626926,-0.44094015954925475,-0.4053429608939353,0.009244072737989701,-0.19358249384870452,-0.18790786684947458,-0.252057010966223,-0.08724854598222818,-0.21950466910910094
189,-1,-0.6779463562549408,-0.6565540083152448,-0.6641513023089222,-0.6088625176948248,-0.31302452628275707,-0.2606549444592523,-0.23027685322595973,-0.2794904821915789,-0.10178916391678267,-0.27987136274143315
190,1,-0.2734695969266154,-0.22300611851800456,-0.17596725353158305,-0.143095519924911,-0.21634394657653302,-0.182421137370744,-0.1864255699500057,-0.19517957771648986,-0.22010698396292894,-0.18932132229293483
191,1,-0.6718185884569422,-0.6342635079102489,-0.6422072731665898,-0.50531329418769,-0.31302452628275707,-0.15962902157229192,-0.16789685870664486,-0.2794904821915789,0.31723158742568297,-0.27987136274143315
192,-1,-0.6779463562549408,-0.5426647031625992,-0.6641513023089222,-0.6566321808762763,-0.31302452628275707,-0.2606549444592523,0.22003259235852018,-0.2794904821915789,-0.3086792759500628,-0.27987136274143315
193,-1,0.4734127198625388,0.5655964834064657,0.26636855873338855,-0.03952925408342672,-0.05520964706615965,0.00012441250244201008,-0.09341143950833422,-0.14828974391995958,-0.08724854598222818,-0.18932132229293483
194,1,-0.3918075203733367,-0.3778993224534913,-0.45346536619067684,-0.6566321808762763,-0.20345320261570315,-0.09151345353389737,-0.20495428119336656,-0.26301742854798454,-0.3086792759500628,-0.27987136274143315
195,1,0.3240098057084576,0.3803682046381114,0.1763332536982321,0.17632895278644992,-0.31302452628275707,-0.10173600432679578,-0.10310813172569307,-0.16275230676453253,-0.16105878930483972,-0.16251851032017933
196,-1,0.1347984431975941,0.21221316829628864,0.29522304671236765,0.3681233835549318,-0.14724955894648492,-0.15587379883204353,-0.15430913712818023,-0.13317863565634747,-0.05034342432092243,-0.17489368251480744
197,1,1.2711834296600122,1.4448762786392761,1.636948431894948,1.7568691250212596,0.3572941596803962,-0.2606549444592523,-0.0011384575163971811,0.04478222732799429,0.06037194066299485,0.02196210542022792
198,1,-0.4174941825097913,-0.38033612558115726,-0.33585467252851675,-0.32761287392618643,-0.31302452628275707,-0.17616243280366334,-0.19568992557168613,-0.17572321514531547,-0.3086792759500628,-0.18147365212073166
199,-1,-0.14700540107631316,-0.21005669676906158,-0.21465585600886705,-0.18580360980458185,-0.18933783797859444,-0.16734809053835806,-0.19000778745705546,-0.21677614017049343,-0.2346476018974834,-0.21769366830013098
200,-1,-0.06308290252866315,-0.03952733943105143,0.009551987544547452,0.03416179964350732,-0.20267975797805335,-0.1751714712472089,-0.19149008435652434,-0.174555833391045,-0.19582341390978975,-0.19451285794531542
201,-1,-0.20109727940828648,-0.1462624405293956,-0.09732756090493531,-0.06299654848259141,-0.21847091933006996,-0.18252544911352866,-0.18605499572513848,-0.20361066816399875,-0.21944269177302542,-0.20652582997814953
202,-1,-0.6779463562549408,-0.6688942292822713,-0.6641513023089222,0.04721622775517048,-0.31302452628275707,-0.2606549444592523,-0.27906912616680996,-0.2794904821915789,2.739683773273793,-0.2274730726685688
203,-1,-0.6779463562549408,-0.6626616366672794,-0.6409613971744058,-0.6566321808762763,-0.15640198715867412,-0.2606549444592523,-0.25442594021314,-0.18895354169371406,-0.3086792759500628,-0.27987136274143315
204,1,-0.6780051358021638,-0.6689567114137499,-0.6642177490285053,-0.656700350213674,0.547110364503616,-0.2606549444592523,-0.27906912616680996,-0.2794904821915789,-0.3086792759500628,-0.27987136274143315
205,1,-0.6585491056713481,-0.6543671337134933,-0.6511941919902096,-0.6525420206324132,-0.24231879565760522,-0.2083426054527364,-0.27906912616680996,-0.2639253921346394,-0.3086792759500628,-0.23278534170821402
206,-1,-0.6448534711683872,-0.5918537611691389,-0.6179209971589515,-0.5303314410126527,-0.07390122580936297,-0.14246973988421244,0.17414315084579648,-0.09848145573775315,0.2399522626669087,-0.006591340667865218
207,1,0.7760979982874198,0.9036716763043822,1.1122186873468813,1.1230476682316195,-0.31302452628275707,-0.05557805814457589,-0.049498393861569005,0.2393458530397382,-0.3086792759500628,-0.038404588212104296
208,-1,-0.4700430977271607,-0.22855140768673163,-0.5408428024425077,-0.5954842852305225,-0.21634394657653302,0.47724632399955785,0.9561782900572469,-0.2794904821915789,-0.3086792759500628,-0.17634248316198342
209,1,-0.4068109998020096,-0.389958373828864,-0.3276651143398946,-0.3024072614233799,-0.15189022677238367,-0.15634320167457455,-0.27906912616680996,-0.10438321905100938,-0.23486903262745124,-0.27987136274143315
210,1,-0.26606337397651636,-0.24526537785726116,-0.22968942631455277,-0.21455402785206978,-0.0351645402070692,-0.2606549444592523,-0.27906912616680996,-0.2794904821915789,-0.3086792759500628,-0.27987136274143315
211,1,-0.6412091392405607,-0.6298428971081369,-0.6226221025694588,-0.6566321808762763,-0.15189022677238367,-0.2606549444592523,-0.27906912616680996,-0.2794904821915789,-0.3086792759500628,-0.27987136274143315
212,1,3.4309350281618096,3.8055917906971803,2.511785941926586,2.6552557802514465,0.42819325146496046,0.4695272550334917,0.9561782900572469,0.14206404018386623,0.2818026706308294,0.14269549268489234
213,1,1.573692369443224,0.5574894268471154,-0.5012239458910597,-0.5141923503837428,0.20615018673966598,0.002471426715097259,-0.1382509207172675,-0.25970984691088495,-0.16105878930483972,-0.15913797547676872
214,-1,-0.39155770729763895,-0.3646218695142856,-0.33681814996247234,-0.5127948789670896,-0.2185353730498741,-0.18763672450997787,-0.25498180155044087,-0.2539377926814365,-0.2622526329001401,-0.27987136274143315
215,-1,-0.6850586814689248,-0.6764545671911837,-0.5998308777524414,-0.6565980962075775,-0.2641041529514077,-0.2606549444592523,-0.27906912616680996,0.0030159023418732645,-0.3086792759500628,-0.08669794311797006
216,-1,-0.4716742301625992,-0.3509226621875992,0.8335411454151869,0.6906154764491901,3.2947079860346986,0.47364756887348647,0.9819331986855184,5.569092106703443,5.5353205493610265,1.8202859087274046
217,1,0.05475539476666262,0.09120090015508092,-0.5362745904711667,-0.5294452396264824,-0.17831625189208491,-0.1328730595480221,-0.18580794624189367,-0.2529649745528778,-0.278048024971179,-0.2553624851267063
218,1,-0.6492913269837243,-0.6384341901864464,-0.6317585265121407,-0.6233996288948884,-0.31302452628275707,-0.2606549444592523,-0.27906912616680996,-0.2794904821915789,-0.3086792759500628,-0.27987136274143315
219,1,-0.6751690226486536,-0.5630963601561063,-0.27861082360764056,-0.3687360267113603,-0.2485708064786077,-0.2606549444592523,0.14709123243048963,1.2770185235023723,0.9460948605343331,-0.12895462866060262
220,1,-0.4266637918765806,-0.3703702256103182,-0.356419932239499,-0.34850677583858725,-0.10677262290947913,-0.2606549444592523,-0.11848696205768258,-0.2794904821915789,-0.3086792759500628,-0.1772479835664684
221,-1,0.32380407729317706,0.418825956563199,0.5647973880611719,0.5819365103028769,-0.15189022677238367,-0.13026526597840513,-0.11848696205768258,0.078441734576126,-0.3086792759500628,-0.09877128184443651
222,-1,3.449582839518309,2.7460510461485654,2.686075687393166,2.6825405575448835,1.2983184688209768,0.13051409098328914,-0.27906912616680996,0.14206404018386623,0.2079924273082179,0.08232879905256013
223,1,-0.5026951362095418,-0.4901953332534322,-0.4549105823416102,-0.4259982701254441,-0.31302452628275707,-0.15634320167457455,-0.27906912616680996,-0.18220866933570692,-0.2127259596306678,-0.27987136274143315
224,1,-0.4393601740767504,-0.4039699918129434,-0.36884546880154645,-0.3491543845438656,-0.21634394657653302,-0.1772055502315101,-0.19877804411224628,-0.2081504860972728,-0.2570121056242347,-0.2376146771988006
225,-1,-0.6705989128520647,-0.6688942292822713,-0.6641513023089222,-0.6566321808762763,-0.08775877556725507,-0.22075570284411306,-0.27906912616680996,-0.2794904821915789,-0.3086792759500628,-0.27987136274143315
226,1,-0.6779463562549408,-0.21063465648523877,-0.15978747731308812,-0.1222527450155585,-0.31302452628275707,-0.2606549444592523,1.5328535463214479,-0.18220866933570692,-0.19796391096614546,-0.18932132229293483
227,1,0.19897101387831334,0.27842860713075096,0.333728920710798,0.3670326741565683,0.009244072737989701,-0.1041873302822357,-0.12466319913880286,-0.1173541274317923,-0.08724854598222818,-0.12895462866060262
228,-1,-0.6275428945112113,-0.53721313719109,0.8794890520069291,0.8479162224944262,-0.23271519140678695,-0.08176030558353,0.029742727889204238,5.747117824229688,0.06037194066299485,0.02196210542022792
229,1,-0.6779463562549408,-0.6688942292822713,-0.6641513023089222,-0.6566321808762763,-0.31302452628275707,-0.2606549444592523,-0.27906912616680996,-0.2794904821915789,-0.3086792759500628,-0.27987136274143315
230,-1,-0.6632955541096061,-0.6408085111826338,-0.6508619583922939,-0.6566321808762763,-0.31302452628275707,-0.2083426054527364,-0.16764980922340003,-0.2663898647269881,-0.3086792759500628,2.7384633188751777
231,1,-0.6183145055971989,-0.5793573348734159,-0.541125201000736,-0.5863495940192281,-0.29201261362660436,-0.04900641834914119,-0.15554438454440428,-0.14978139838374963,-0.00428583248761284,-0.26019182061729285
232,1,0.32095326925286116,0.40061241523718266,0.4561237781829443,0.30051644319074416,-0.31302452628275707,-0.2606549444592523,-0.15554438454440428,-0.2794904821915789,-0.16659455755403557,-0.21165699893689777
233,1,-0.05251727891532741,0.0007736353726552792,-0.5378028650215789,-0.46461619976125185,-0.20512899933061104,-0.1522228878345798,-0.15548262217359307,-0.24706321123962158,0.017783430265848006,-0.038404588212104296
234,-1,-0.5155384672777691,-0.5354792580425585,-0.033721438583973314,0.3276819241437351,-0.19629883971744258,0.000541659473580721,0.029742727889204238,1.6661457749258601,4.268293912485078,2.7431115542848676
235,-1,-0.34247678536642706,-0.5751710320643487,-0.5644812229342102,-0.6566321808762763,1.733058808899964,-0.2059434353686888,0.09150509870040709,0.10963676923190893,-0.3086792759500628,-0.017578078908949683
236,-1,-0.6103204871748699,-0.22486496192949335,-0.5150116402045615,-0.5696481063567871,0.1193310261634768,0.20108098497712362,1.5114220036499604,0.30601632211696245,0.06915535961838562,-0.254034417866795
237,-1,-0.6779463562549408,-0.6688942292822713,-0.6641513023089222,-0.6462022722544253,-0.31302452628275707,-0.2606549444592523,-0.27906912616680996,-0.2794904821915789,-0.2635074070366245,-0.16740821250439825
238,1,-0.7089966520754949,-0.7019004152358497,-0.6992517819287165,-0.6926426333566212,-0.31302452628275707,-0.2606549444592523,-0.27906912616680996,-0.2794904821915789,-0.3086792759500628,-0.25433625133495663
239,-1,2.490682695895764,2.7345543339565,3.0492402332748245,3.1760013486326204,0.33151267175873644,0.2609037694641363,0.3385545819452184,0.36905493684756746,0.2818026706308294,0.323795573581889
240,-1,-0.5652218795680167,-0.48007322795389656,0.5665748378100209,0.42714098740700684,-0.2969110963317197,0.1394327449913791,0.029742727889204238,3.9360547415628724,-0.08724854598222818,2.243637531170951
241,-1,-0.6779463562549408,0.11311650777120516,-0.28595318612157766,-0.25785859943397066,-0.31302452628275707,-0.2606549444592523,2.812940443754438,-0.2211213944780557,-0.23486903262745124,-0.21950466910910094
242,1,0.8679410408233701,0.964810441956207,0.14983762426445452,0.11185780194255734,-0.05920577769401691,0.037676639904925986,-0.08896454880992762,-0.14978139838374963,-0.16105878930483972,-0.15913797547676872
243,1,0.04416038137971538,0.10311936673462674,0.13947193600948446,0.16409255672355938,-0.119663366870309,-0.12896136919359666,-0.03819588000311889,-0.2794904821915789,-0.16105878930483972,-0.008221241395938187
244,1,1.4392341551705927,-0.5412119936057214,-0.5279687505232741,-0.5216909774974919,-0.31302452628275707,-0.2606549444592523,0.2287410866428998,-0.2600341196204045,-0.3086792759500628,-0.21950466910910094
245,1,0.9237228311380049,0.6462921562110971,0.9187092282408782,0.9387518645768865,0.02858018867923451,-0.2606549444592523,-0.08760577665208116,0.531191291607354,-0.3086792759500628,-0.1531013061135355
246,-1,-0.33399783567950814,-0.42866605427986604,-0.3864870728508704,-0.4668998725640754,-0.18411708667445836,-0.15634320167457455,-0.27906912616680996,-0.18220866933570692,-0.3086792759500628,-0.21950466910910094
247,-1,-0.042230858151300975,0.026797443133498453,0.09656396683867098,0.1595763381209605,-0.18411708667445836,-0.15634320167457455,-0.15554438454440428,-0.14978139838374963,-0.08724854598222818,-0.038404588212104296
248,1,-0.6536997930254499,-0.6431203500473426,-0.6367420304808763,-0.6285123291997173,-0.31302452628275707,-0.2606549444592523,-0.27906912616680996,-0.2794904821915789,-0.3086792759500628,-0.27987136274143315
249,1,-0.5836345727356241,-0.562971395893149,-0.5620891410292171,-0.5264628311153322,-0.21634394657653302,-0.20849907306691343,-0.21730675535560712,-0.2794904821915789,-0.16105878930483972,-0.15913797547676872
250,1,-0.5732599826507632,-0.5617373737964464,-0.6149973414972933,-0.5543781747796981,-0.31302452628275707,0.11090348333976974,-0.2777721163797747,-0.08758589269789548,0.13418218398560638,-0.27987136274143315
251,-1,-0.42573801400781824,-0.38963034263860125,-0.34967559020181016,-0.3223127079435138,-0.2292346905373629,-0.19285231164921177,-0.21730675535560712,-0.18220866933570692,-0.23486903262745124,-0.21878026878551296
252,-1,2.19634411317655,2.2814807780721926,2.438744385424818,2.4150781622649338,0.09303390848338386,0.03663352247707921,0.06803539779215,0.04478222732799429,0.061405284069511415,0.030111609060592768
253,1,1.1958868296673386,1.276330728975712,1.3448154292476675,0.4973213202579584,-0.31302452628275707,-0.2606549444592523,0.09150509870040709,0.04912748163555657,-0.1944210192866601,7.0161679630495035
254,-1,-0.417038641018813,-0.38824011521320206,-0.3728156602966391,-0.3388437722624606,-0.1712263427136285,-0.2606549444592523,-0.2296592295178477,-0.2794904821915789,-0.20527112505508402,-0.27987136274143315
255,1,-0.09447118074574955,-0.09982259630791497,-0.04696094746091422,-0.020850855636451757,-0.20616025884747743,-0.17715339436011776,-0.18105224368943107,-0.19453103229745072,-0.19722580853291935,-0.15913797547676872
256,1,-0.29642301011720007,-0.24667122581553,-0.1811002626193807,-0.14766286553055818,-0.3129600725629529,-0.1859155807540307,-0.1864255699500057,-0.1173541274317923,-0.20534493529840664,-0.19535799165616807
257,-1,0.4848453417974139,0.591838978627484,0.7104485973874176,0.7897677776941721,-0.09388187894864926,-0.06246263316836462,-0.06290082832760002,-0.05249958552787767,-0.05034342432092243,-0.06255126566503719
258,-1,1.2953124337950572,1.341483971575038,1.5207663427038256,1.6482072012092956,0.2670589519545871,0.10584436381471288,0.029742727889204238,0.04478222732799429,0.13418218398560638,0.02196210542022792
259,1,0.046878935438779516,0.08140682604580801,-0.21532032320469846,-0.20586243733386062,-0.16478097073321354,-0.182421137370744,-0.27906912616680996,-0.05898503971826913,-0.3086792759500628,-0.2074313303826345
260,1,-0.28203671593436885,-0.2594800627686461,-0.1993232754650572,-0.18996193938584272,-0.09130373015648328,-0.2115762694790614,-0.27906912616680996,-0.13700505362867843,-0.3086792759500628,-0.22493767153601085
261,1,4.546027123642694,2.086599009990392,2.2335901387118695,2.288385448711273,0.20260523215043774,0.23482583376796687,0.489748865691043,0.1196892232270157,0.1676182242107494,0.1058718095691697
262,1,-0.6090273371359637,-0.6688942292822713,-0.6616595503245544,-0.6533430103468364,-0.31302452628275707,-0.016043907629183035,-0.27906912616680996,-0.2697623009059917,-0.29443389898879874,-0.07444350431060663
263,1,0.13723779440734893,0.04132453870227645,0.10472030166750157,0.1500496732196293,-0.31302452628275707,-0.14434735125433662,-0.149368147463284,-0.14913285296471046,-0.14998725280644798,-0.2074313303826345
264,-1,-0.01038703844323626,-0.1315322780333121,-0.0933739810897384,-0.05123733778148492,-0.18411708667445836,-0.17032097520772138,-0.15301212734114497,-0.21463594028766425,-0.19796391096614546,-0.21950466910910094
265,-1,-0.6132888543096318,-0.6688942292822713,-0.6358449997665039,-0.593319908768145,-0.18411708667445836,-0.20849907306691343,-0.27906912616680996,-0.16897834278730836,-0.16024687662829099,-0.27987136274143315
266,1,2.1948746244959754,-0.6688942292822713,-0.6641513023089222,-0.6566321808762763,0.1381515123462884,0.2609037694641363,-0.27906912616680996,-0.2794904821915789,-0.3086792759500628,-0.020898247058727955
267,-1,0.780168481932613,0.8906285313582213,-0.3080799437427637,-0.6566321808762763,0.07369779254213905,0.052280283894780864,-0.0320196429219986,0.04478222732799429,-0.3086792759500628,-0.27987136274143315
268,1,-0.6779463562549408,-0.6688942292822713,-0.6641513023089222,-0.6566321808762763,-0.31302452628275707,-0.2606549444592523,-0.27906912616680996,-0.2794904821915789,-0.3086792759500628,-0.27987136274143315
269,-1,-0.5955374310482833,-0.6399806229405421,-0.6176219869208275,-0.60093783222234,-0.16084929382516044,0.031835182308984036,-0.1647469777952735,-0.097832910318714,-0.0674674007717683,-0.15334277288806483
270,-1,-0.6583139874824561,-0.6649109934005095,-0.5740329388742867,-0.5741813672937354,0.05713318655247267,-0.17730986197429477,-0.27906912616680996,0.07234540763715801,0.048414681244731785,-0.048063259193277454
271,-1,-0.3575684341159344,-0.3549215186022306,-0.38791567732190796,-0.3902945796633889,-0.15298594000905422,-0.11420125758956476,-0.1493063850924728,-0.27929591856586716,-0.16105878930483972,-0.27987136274143315
272,-1,-0.2811844124996352,-0.24117279824541188,-0.21769579342979578,-0.17346495973559475,0.02858018867923451,-0.2606549444592523,-0.21113051827448684,-0.21463594028766425,-0.13891571630805627,-0.27987136274143315
273,1,-0.6412091392405607,-0.6298428971081369,-0.6226221025694588,-0.614026345002702,-0.31302452628275707,-0.2606549444592523,-0.27906912616680996,-0.2794904821915789,-0.3086792759500628,-0.27987136274143315
274,1,-0.47076314718064255,-0.4567673929123731,-0.437285589972182,-0.37788776025700405,-0.21569940937849152,-0.10199678368375747,-0.27906912616680996,-0.2405777570492301,-0.09152954009493966,-0.24365134656203383
275,-1,-0.6311872264390378,-0.5888546188581654,-0.5828703525788446,-0.5576162183060898,-0.31302452628275707,-0.15634320167457455,-0.15554438454440428,-0.2794904821915789,-0.23486903262745124,-0.27987136274143315
276,1,-0.23493960372193348,-0.21018166103201882,-0.17319310298898688,-0.14888991360371712,-0.31302452628275707,-0.15634320167457455,-0.1864255699500057,-0.2139873948686251,-0.2308094692447076,-0.21413203337582337
277,1,-0.14002532984358093,-0.06458267415397607,-0.044602088915712705,-0.0059388130807007675,-0.18843548590133635,-0.1772055502315101,-0.09378201373320144,-0.2794904821915789,-0.19796391096614546,-0.18932132229293483
278,1,-0.3912638095615239,-0.37479083641243016,-0.6641513023089222,-0.6566321808762763,-0.23084603353246663,-0.09996270469945626,-0.27906912616680996,-0.2794904821915789,-0.3086792759500628,-0.27987136274143315
279,1,-0.32938364122250197,-0.6443856132097845,-0.57145812849044,-0.6189515796296872,-0.05520964706615965,-0.20797751435299003,-0.1821639663640327,0.08239786163226478,-0.1454848279637687,-0.27987136274143315
280,-1,-0.6784018977459191,-0.6069900575198334,-0.6073725804251279,-0.6420098580044656,-0.31302452628275707,-0.2606549444592523,-0.03239021714686582,-0.05671513075163211,-0.24520246669261686,-0.27987136274143315
281,-1,3.8465505116888954,3.098872022075435,3.363865450500999,3.2670585410616235,0.5731496673044925,0.33183575455771713,0.31212028723802365,0.18162531074525418,0.7593549449281259,0.179519175800615
282,1,-0.6761976647250563,-0.6579754768063832,-0.6577890289088364,-0.09808671490806718,-0.31302452628275707,-0.20849907306691343,-0.21730675535560712,-0.2794904821915789,2.1639638753574233,-0.09877128184443651
283,-1,0.4227153603826942,0.46804625563547797,0.5291653346847124,0.284684114580124,0.009244072737989701,-0.09375615600376794,-0.09378201373320144,0.04478222732799429,0.07764353760048595,-0.09877128184443651
284,-1,-0.5794465299959848,-0.5462261846568802,-0.5426202521913567,-0.5313710234079679,-0.24212543449819277,-0.20208390088565573,-0.20044562812414876,-0.25309468363668564,-0.2865362029532793,-0.2617613546517335
285,1,2.316783405436494,2.2837613758711623,2.5220187367423903,2.667372879973891,0.15613410017164608,0.19200586335485667,0.11003380994376794,0.10963676923190893,0.13418218398560638,1.0482562638635078
286,-1,-0.15439692913960645,-0.1731297570652001,-0.19541953068954765,-0.1484808975793308,0.009244072737989701,-0.15634320167457455,-0.21594798319776065,-0.21405224941052903,0.06037194066299485,-0.21950466910910094
287,1,-0.6779463562549408,-0.6688942292822713,-0.6641513023089222,-0.6451797321934596,-0.1694216385591123,-0.2606549444592523,-0.27906912616680996,-0.2794904821915789,-0.25907879243726784,-0.1285320618051763
288,1,-0.590100322930155,-0.6259377638907234,-0.6036681758083677,-0.6270637307800158,-0.31302452628275707,0.052280283894780864,-0.10922260643600215,-0.0433550951194257,-0.18061850378533176,0.1602018338382687
289,-1,-0.6779463562549408,-0.6688942292822713,-0.6641513023089222,-0.6525590629667626,-0.31302452628275707,-0.2606549444592523,-0.27906912616680996,-0.2794904821915789,-0.2910386277959586,-0.27987136274143315
290,-1,-0.4535260449574954,-0.46699884194199637,0.592804680365466,0.49558300215431655,-0.28937001111463423,0.6078446259659743,4.4238883616230416,4.11096744107773,4.681557464848379,4.063270777330341
291,1,-0.22358045622108713,-0.2343778664471125,-0.22757974296778805,-0.19938635028107735,-0.21350798290515044,-0.16891276668012822,-0.1864255699500057,-0.21852721280189913,-0.23693571944048436,-0.22095346975627692
292,-1,-0.6333179850258718,-0.6433858991061266,-0.6038010692475341,-0.6566321808762763,-0.18411708667445836,-0.20849907306691343,-0.17821117463211572,-0.14978139838374963,-0.3086792759500628,-0.09877128184443651
293,-1,0.009980074669536095,0.08054769673797706,0.14538569405238405,0.19959173917342146,-0.20106841498294964,-0.1660441937535496,-0.15690315670225075,-0.16709756107209484,-0.14327052066409035,-0.1772479835664684
294,1,1.2519625177180886,0.8600122869336999,0.9902723452319214,1.0248838223789043,0.10592465244421373,0.020986761059377555,-0.06623599635140498,-0.04854345847173887,-0.013438302659616668,-0.056514596301803964
295,1,0.5362480558439346,0.22980188830751877,0.3207385870322939,0.3800189329308337,-0.05520964706615965,0.2655977978894468,-0.149368147463284,-0.08492685647983499,-0.08724854598222818,-0.09877128184443651
296,-1,0.029803476970495624,-0.45862623632386196,-0.5790828895626055,-0.5601214414554558,4.751748775927299,2.264106477901087,0.5570698498752541,0.05418613590406191,0.11130100855559681,0.5371918355721833
297,-1,-0.5967277168795492,-0.6439013766908253,-0.6209609345798803,-0.6499856704799987,0.42174787948454556,-0.20849907306691343,-0.258069920091001,-0.21463594028766425,-0.27989328105424427,-0.2563283522248236
298,-1,-0.557389504900551,-0.4283692641553426,-0.5845481322483188,-0.4273616568733985,0.6784670454644725,0.1672318244434957,0.6728742951462594,0.031292482611980046,0.6842899274690301,0.003791730636895923
299,-1,1.072537949819856,1.227469702159435,1.253152179582724,1.3330433120852923,0.07369779254213905,-0.02595352319372742,-0.01349093167863775,0.10963676923190893,0.01608579466942794,-0.008221241395938187
300,1,-0.659445493766499,-0.6117074584464688,-0.5896645296562207,-0.24364529258654627,-0.17792952957326003,-0.1947820788907283,-0.052710037143751554,0.011576701873189996,1.482104847543138,0.3947264385998794
301,1,1.0584455533731396,1.0607361343087507,1.1037633422799267,-0.3958844653300018,0.1078582640383382,-0.041600284611429075,0.025913460898909665,0.36905493684756746,-0.13005848710934287,13.061167930003986
302,1,-0.6779463562549408,-0.6657701227083405,-0.36553974450228516,-0.3502110092735302,0.807696753671792,-0.2606549444592523,-0.2667166520045694,0.8863347630731906,-0.3083840349767723,-0.14887563755927224
303,-1,0.025277451834323988,0.0948561048465799,0.17071850589345666,0.1661035521767921,-0.18553506851014964,-0.16693084356721935,-0.16567341335744154,-0.1368104900029667,-0.16105878930483972,-0.12895462866060262
304,-1,0.38499358595232863,0.47759040121883645,-0.46030937830774044,-0.24287838754082194,-0.19056245865487328,3.5119878568341867,-0.0320196429219986,-0.14978139838374963,0.7246641305664986,-0.15913797547676872
305,1,-0.48794146985656667,-0.462187717818143,-0.454927194021506,-0.44438694888847874,-0.18411708667445836,-0.19248722054946538,-0.15554438454440428,-0.2631471376317924,-0.2903005253627325,-0.27383469337819993
306,-1,-0.29928851304432175,-0.25635595619471535,-0.19968873242276447,0.13164395212224522,-0.19990824802647494,-0.182421137370744,-0.21730675535560712,-0.15568316169700586,-0.23486903262745124,-0.15913797547676872
307,1,-0.2544397185131665,-0.22311546224809212,-0.1955690358086097,-0.1568486837449008,-0.22111352184204008,-0.0676782203075985,-0.23472374392436632,-0.18220866933570692,-0.19796391096614546,-0.09877128184443651
308,-1,-0.6722153504006975,-0.6095830659761959,-0.6641513023089222,-0.6566321808762763,-0.31302452628275707,-0.23979259590231675,-0.04455740419667278,-0.2794904821915789,-0.3086792759500628,-0.27987136274143315
309,-1,-0.5590500271096009,-0.5384627798206624,-0.5254437751791147,-0.6566321808762763,-0.31302452628275707,0.1613382109761614,-0.21730675535560712,-0.2794904821915789,-0.3086792759500628,-0.27987136274143315
310,1,0.4814655178320909,0.5533343651037875,0.3696599843253817,0.3784680805050356,-0.09053028551883349,-0.048589171378002484,-0.0648154618227473,0.020786046823545876,-0.3086792759500628,-0.12895462866060262
311,-1,1.8029032138393448,1.9021986194641294,0.898908105805102,0.9142790724511055,0.07369779254213905,0.10443615528711972,0.029742727889204238,-0.020072314575920347,-0.05034342432092243,-0.06255126566503719
312,-1,-0.07259049429198473,0.7324862565858465,0.4097273562340159,-0.5526228143417068,0.8867814678714832,1.9333860974022663,1.574666671360632,2.2832367411416077,0.14230131075109365,0.4210463170235762
313,1,-0.24659264895889485,-0.19076533867503917,-0.16611652735338234,-0.1354605541363665,-0.08840331276529656,-0.24500818304155061,-0.15319741445357857,-0.2794904821915789,-0.2274880082951901,-0.12472896010633937
314,1,-0.6779463562549408,-0.6688942292822713,-0.6641513023089222,-0.6566321808762763,-0.31302452628275707,-0.2606549444592523,-0.27906912616680996,-0.2794904821915789,-0.3086792759500628,-0.27987136274143315
315,-1,-0.5650749306999593,-0.47334077828707577,-0.41000921158330245,-0.38557385304859687,-0.119663366870309,-0.1041873302822357,0.029742727889204238,-0.08492685647983499,-0.23486903262745124,0.323795573581889
316,1,0.8145398221712671,0.6133484523889973,0.684733716908742,0.6714428503060816,-0.17051735179578284,3.9934387056568665,-0.1169429027874025,-0.024547277967290455,-0.09462957031448935,-0.11084462057090295
317,-1,-0.4022408900054207,-0.3107466516468497,-0.6121733559150099,-0.6157646631063438,0.12829009321625356,0.7178935146038093,1.1370185117924487,-0.2794904821915789,-0.13168231246244033,1.1175572281534252
318,-1,0.02320547279471295,-0.3629504724972326,-0.34615391406390367,-0.3149163348358613,-0.31302452628275707,-0.03638469747219519,-0.14628002892272385,-0.2794904821915789,-0.2198117429896385,-0.21950466910910094
319,-1,0.6025366902246821,0.6922946255122274,0.44823323023244627,0.46642356808244234,-0.11321799488989406,-0.03638469747219519,-0.03819588000311889,-0.12948192676782433,-0.13315851732889256,-0.12008072469664978
320,-1,0.5303847960084396,0.629421980711871,0.7975104117212285,0.8186204497477566,0.24914081784903358,-0.2606549444592523,-0.09316439002508942,0.12578555016598367,-0.3086792759500628,-0.08597354279438209
321,-1,-0.5706149030257278,-0.6208454701752163,-0.6641513023089222,-0.38069974542465995,-0.31302452628275707,0.12029154019039073,-0.08908807355155003,-0.2794904821915789,0.8863823736863404,-0.26314978860527716
322,-1,-0.6779463562549408,-0.6688942292822713,-0.6641513023089222,-0.6423166200227554,-0.31302452628275707,-0.2606549444592523,-0.27906912616680996,-0.2794904821915789,-0.24667867155906908,-0.1965653255288147
323,1,-0.14602084366032778,-0.08946618301533452,-0.024784354800040813,0.030872629114067393,-0.31302452628275707,-0.15634320167457455,-0.1864255699500057,-0.14978139838374963,-0.12415366764353396,-0.15913797547676872
324,1,-0.39794998305814105,-0.35203172002134464,-0.33917700850767385,-0.351591438355834,-0.18411708667445836,-0.2606549444592523,-0.15554438454440428,-0.2794904821915789,-0.28240282932721306,-0.07275323688890133
325,-1,-0.28047905793295913,-0.29223632019631,-0.303960247128609,-0.4405353813255076,0.33151267175873644,-0.1575949425879907,-0.20495428119336656,0.543448800027194,-0.3086792759500628,0.3976240398942313
326,1,0.5696495335534091,0.6706914285534963,0.7811146836640883,0.8620443176701035,-0.04231890310532978,-0.046815871750662964,-0.09378201373320144,-0.05898503971826913,-0.05034342432092243,-0.27987136274143315
327,-1,-0.610849503099877,-0.5856524096198863,-0.5690660465854469,-0.630761917333842,-0.184826077592304,-0.022511235681833053,0.05648583445045507,0.09173691566642848,-0.21006879087105376,-0.27987136274143315
328,-1,0.18292419748643207,-0.22681752853820006,-0.17741246968251637,-0.41122256624448855,-0.1970078306352882,-0.2606549444592523,-0.24201170368008826,-0.21463594028766425,-0.2865362029532793,1.4196925297832481
329,1,0.07737082556071503,-0.6688942292822713,-0.6641513023089222,-0.6566321808762763,-0.15833559875279862,-0.13548085311763902,-0.27906912616680996,-0.2794904821915789,-0.3086792759500628,-0.27987136274143315
330,-1,0.14881736521028155,0.25448233024157174,0.2995919185249592,-0.13002404947889845,-0.04231890310532978,1.640113632563145,-0.009785189429965578,-0.27923106402396325,-0.14600149966702697,-0.27987136274143315
331,1,-0.41221871814652633,-0.433086665081978,-0.40839787863341126,-0.38872668490324136,-0.2287190607789297,-0.19645106677528315,-0.20223673687767363,-0.24420961139584932,-0.26697648847278727,-0.18932132229293483
332,1,-0.4634157037777665,-0.42443288987218986,-0.3989624444526052,-0.36343586072868767,-0.21634394657653302,-0.19285231164921177,-0.19877804411224628,-0.24226397513873188,-0.19796391096614546,-0.27987136274143315
333,1,-0.4157454909799068,-0.39929945248491694,-0.3687790220819633,-0.349290723218661,-0.16478097073321354,-0.2606549444592523,-0.27906912616680996,-0.2276068486684472,-0.2570121056242347,-0.2315780078355674
334,-1,-0.5313942501411756,-0.5116110838177275,-0.44504324448351373,-0.31362111742530463,0.022070362979015424,0.25949556093654313,0.3436808587225483,0.5817129797505035,1.1768994914041393,0.288903624662401
335,-1,-0.2299727319815893,-0.19195249917313287,-0.17995405670657152,-0.14907737928156084,-0.1884999396211405,-0.057247046029130735,-0.17407309578776514,-0.20166503190688131,-0.22158318882938116,-0.12895462866060262
336,-1,-0.6822813478626377,-0.6735022864788192,-0.6690517478781788,-0.49086139465937356,-0.31302452628275707,-0.2606549444592523,-0.27906912616680996,-0.279425627649675,0.4310469826291499,-0.27987136274143315
337,1,-0.3755108909057577,-0.3586704464909475,-0.3370673251609091,-0.6270637307800158,-0.18411708667445836,-0.2606549444592523,-0.27906912616680996,-0.2794904821915789,-0.271774154288757,-0.27987136274143315
338,-1,2.1149638300462956,2.297632409059415,1.7596422996052186,1.5090735835805515,0.12751664857860376,0.1327046375817674,0.21070647436602857,0.14426909460859935,0.14547515121396595,-0.10993912016641798
339,1,-0.19742355770684847,-0.21952273968807176,-0.17179772187774092,-0.1687271907864533,-0.31302452628275707,-0.08833194537896469,-0.2788220766835652,-0.13486485374584925,-0.3086792759500628,-0.15859467523407775
340,-1,0.05644530674932411,-0.34270626189816134,-0.391703140338147,-0.36856560336786603,-0.18373036435563345,-0.18961864762288674,-0.20075443997820477,-0.241420866093981,-0.2521406295649423,-0.21950466910910094
341,1,-0.438434396207988,-0.669534671129927,-0.6648323811846493,-0.657330916584603,-0.18411708667445836,-0.20625637059704285,-0.27906912616680996,-0.2794904821915789,-0.3086792759500628,0.7765457758243806
342,1,-0.42484162591266733,-0.38396008920691693,-0.35773225495126604,-0.3497167815773968,-0.20989857459611808,-0.15634320167457455,-0.18024933286888542,-0.2276068486684472,-0.3086792759500628,-0.1832846529297016
343,1,-0.41146927891943297,-0.3936291990532326,-0.34439307599495045,-0.41362553538775815,-0.31302452628275707,-0.13026526597840513,-0.27906912616680996,-0.14978139838374963,-0.3086792759500628,-0.21950466910910094
344,-1,0.22517199705296925,0.22217906826712774,0.17726350777239608,0.16951201904667804,-0.16478097073321354,-0.14512968932522172,-0.16172062162552456,-0.16275230676453253,-0.16696360877064864,-0.14102796738706908
345,-1,1.0185048510351056,1.0952575119506855,1.1516049803797883,1.1175770789054524,-0.04418806097965011,-0.041600284611429075,-0.0320196429219986,-0.033756622917646334,-0.01646452263584374,-0.08066127375473685
346,1,2.476590299449048,2.0363789968144554,2.267743752577604,2.2345827991701235,0.2132400959181224,0.09864685356257011,0.09354325693717677,0.12565584108217584,0.14466323853741722,0.09114233632288064
347,1,-0.557977300372781,-0.5456638454735727,-0.5376699715824127,-0.520463929424333,-0.18411708667445836,-0.20849907306691343,-0.27906912616680996,-0.2794904821915789,-0.271774154288757,-0.22554133847233418
348,1,-0.2678855399404296,-0.4006271977788375,-0.37289871869611807,-0.36282233669210817,-0.20893176879905584,-0.17355463923404638,-0.24170289182603225,-0.23889153895972834,-0.2604073768170748,-0.2456434474519008
349,1,-0.5482492853073732,-0.530668133918705,-0.505227360745944,-0.4987349531288101,-0.14621829942961853,-0.2606549444592523,-0.25942869224884746,-0.22358586707040448,-0.3086792759500628,-0.2495672825380024
350,1,0.25952864240481754,0.19389028324018476,0.21558665329197282,0.20599965688880703,3.847785355674104,-0.10950722916425427,-0.16233824533363658,-0.14978139838374963,-0.16105878930483972,-0.16517464484000194
351,1,-0.6724357737027838,-0.6571788296300309,-0.6579219223480026,-0.6498322894708538,-0.28885438135620106,-0.2410964926871252,-0.23274734805840783,-0.2794904821915789,-0.2792289888643408,-0.2557850519821326
352,1,1.0476154217973004,1.1899491822065267,1.3380212521702912,1.4472610368951702,0.009244072737989701,0.00012441250244201008,0.029742727889204238,0.04478222732799429,0.06037194066299485,-0.27987136274143315
353,-1,0.5974669542766977,0.6495724681137244,0.564714329661693,0.630012935502618,0.009244072737989701,0.0009589064447194318,0.029742727889204238,-0.08492685647983499,-0.08724854598222818,-0.038404588212104296
354,-1,0.09003781798727331,-0.513938543215306,-0.5207426697686074,0.25192874796052006,1.2406323895962632,2.4661583236750078,0.3336135922803222,0.28039877806491614,3.6262924160650023,-0.002848605662660621
355,-1,0.044674702417916705,-0.32611725599058905,-0.32955884584801415,-0.3374633431801568,-0.15189022677238367,-0.148102573994585,-0.22181540842482494,-0.2343517210264543,-0.23486903262745124,-0.25729421932294094
356,-1,-0.6660141081686701,-0.6062246514092203,-0.18786121633696534,-0.1645347765364936,-0.21634394657653302,-0.23457700876308285,-0.025843405840878318,1.5883203246411626,-0.2340571199509025,-0.21702963467017533
357,-1,-0.29172064633935946,-0.40921849085714707,-0.5592319320871421,-0.5135788263471633,1.3716023482382946,1.1185027627683641,0.747668526198626,0.12040262318795876,0.28755986960999314,1.2753557653083416
358,-1,0.3658167586708222,0.39197426056026413,0.4852108296804644,0.25693919425925243,0.34440341571956634,-0.052031458889896846,0.3385545819452184,0.4793076580842224,3.6479926276018504,0.02196210542022792
359,1,1.2233515731072893,0.8427828391784719,0.9649727567506403,1.0091367054400313,0.12132909147740542,0.028288583054304994,-0.007129407485083857,-0.03213525937004847,-0.04576718923492051,-0.03713688764582532
360,1,-0.2871946212031878,-0.26486914660867666,-0.2045559546322296,-0.17494764282399514,-0.31302452628275707,-0.11983409169993736,-0.27906912616680996,-0.13518912645536882,-0.22010698396292894,-0.27987136274143315
361,1,0.11337329823480759,0.14943424669315017,0.2592753714178882,0.27336800457210264,-0.119663366870309,0.00012441250244201008,-0.27906912616680996,-0.015013660307415005,-0.3086792759500628,-0.12895462866060262
362,-1,1.2985453088923227,1.2397161999292436,1.3708791550041546,1.3393830604632802,0.01652734307585858,-0.025223340994234674,-0.008796991496986333,0.007944847526570776,-0.0029572481078058324,-0.07130443624172536
363,-1,-0.6733027720243232,-0.6539609998588822,-0.6460944062622035,-0.6512468032218565,-0.29265715082464583,-0.2441736890992732,-0.22002429967130005,-0.20899359514202367,-0.2853552390601175,-0.017759178989846677
364,1,-0.6735378902132152,-0.6642080694213751,-0.6425561184444012,-0.6370334963744322,-0.31302452628275707,-0.2606549444592523,-0.27906912616680996,-0.21463594028766425,-0.297607739451671,-0.27987136274143315
365,1,-0.015735977240530007,0.04565142630717055,0.052194169837028376,0.06499138248162566,-0.17767171469404341,-0.2606549444592523,-0.0690770654087203,-0.2794904821915789,-0.19589722415311236,-0.09647734748640789
366,1,-0.3931006704122429,-0.36577778894664,-0.33228316135092295,-0.31934734176671303,-0.20989857459611808,-0.2606549444592523,-0.24201170368008826,-0.2245586851989632,-0.259226412923913,-0.2507142497170167
367,-1,-0.49647919909070864,-0.6688942292822713,-0.6587358946628961,-0.6548427357695862,-0.2925926971048417,0.383835158335879,-0.27906912616680996,-0.2583479015309027,-0.30092920040118853,-0.2677980240149667
368,-1,0.022456033567619594,0.08635853496548826,0.12005288221131143,0.13229156082752355,-0.15189022677238367,-0.15634320167457455,-0.15554438454440428,-0.14978139838374963,-0.16105878930483972,-0.15913797547676872
369,-1,0.7853557769750436,0.87760100694493,0.8057331932696422,0.7956814677134242,0.009244072737989701,0.00012441250244201008,0.029742727889204238,-0.08492685647983499,-0.08724854598222818,-0.038404588212104296
370,-1,0.3007477998949521,-0.20963494238158092,-0.1832597810058328,-0.14885582893501825,-0.08099113498781939,-0.17480638014746253,-0.24201170368008826,1.566788616729063,-0.21073308306095725,-0.21950466910910094
371,1,-0.6263526086799454,-0.5915725915774851,-0.5856278914415449,-0.5630015959605095,-0.21634394657653302,-0.182421137370744,-0.1864255699500057,-0.2794904821915789,-0.23486903262745124,-0.21950466910910094
372,1,-0.35856768641872555,-0.3395040526598823,-0.28653459491793015,-0.27781517295715286,-0.31302452628275707,-0.09897174314300182,-0.27906912616680996,-0.14978139838374963,-0.3086792759500628,-0.16517464484000194
373,-1,-0.6198574687118029,-0.6071462628485299,-0.390623381144921,-0.41384708573430073,-0.05823897189695467,-0.05448278484533677,-0.03492247435012513,0.7884044047982796,-0.16105878930483972,0.03506167793844401
374,-1,-0.21968631121756285,-0.26896172622052594,-0.32537270251427625,-0.16005264260259358,-0.119663366870309,-0.1041873302822357,0.029742727889204238,0.04478222732799429,1.1039011607580766,-0.21950466910910094
375,-1,-0.6740669061382223,-0.6528988036237457,-0.6597658188164348,-0.6521330046080268,-0.2470239172033081,-0.23311664436409735,-0.21582445845613826,-0.2623688831289454,-0.28919337171289333,-0.25487955157764763
376,-1,-0.4226373928918045,-0.44555185031196176,-0.46050871846648983,-0.47772175487596324,-0.119663366870309,-0.15634320167457455,-0.21730675535560712,-0.14978139838374963,-0.16105878930483972,-0.15913797547676872
377,-1,-0.39392358407336503,-0.3715573861084118,-0.34417712415630525,-0.4468751297034955,-0.23007258889481683,-0.18440306048365288,-0.18506679779215923,-0.20393494087351835,-0.3086792759500628,-0.21950466910910094
378,-1,-0.5867645836252493,-0.557379245125813,-0.5326200208940939,-0.5263264924405368,-0.31302452628275707,-0.19285231164921177,-0.20495428119336656,-0.2211213944780557,-0.3086792759500628,-0.2376146771988006
379,1,-0.3279729320891498,-0.2892684189510758,-0.38603855749368426,-0.6023182613046438,1.1285473708568474,-0.1659398820107649,-0.19859275699981266,-0.2794904821915789,-0.3086792759500628,-0.27987136274143315
380,-1,0.6577306850670869,0.67142559359837,0.7629082824983077,0.853574277498437,0.5966108213132028,0.00012441250244201008,-0.09378201373320144,-0.020072314575920347,-0.013438302659616668,0.323795573581889
381,1,-0.6479247025107894,-0.619955099801646,-0.6641513023089222,-0.6566321808762763,-0.2485708064786077,-0.20625637059704285,-0.20909236003771714,-0.2794904821915789,-0.3086792759500628,0.17179223901567647
382,-1,1.2637625118231075,1.3090088837390277,1.4537548260042275,1.376586476348085,0.1381515123462884,0.00012441250244201008,0.029742727889204238,0.10963676923190893,0.13418218398560638,0.040072113509927586
383,-1,-0.6779463562549408,-0.6688942292822713,-0.6641513023089222,-0.6566321808762763,-0.31302452628275707,-0.2606549444592523,-0.27906912616680996,-0.2794904821915789,-0.3086792759500628,-0.27987136274143315
384,1,0.134269427272587,0.2046840714531155,0.28376098758427576,0.16528552012801948,-0.31121982212824084,-0.13026526597840513,-0.15554438454440428,-0.1478357621266322,-0.15367776497257857,-0.0685879350282704
385,1,0.07237456404675933,0.1777386522529628,0.21184902531542113,0.2960854362598924,-0.15446837556454965,-0.2606549444592523,0.0050377795647231025,-0.2794904821915789,0.001323746004905636,-0.1470646367503023
386,1,-0.26869375871474593,-0.24654626155257278,-0.2079115139711782,-0.29971457259617,-0.20190631334040357,-0.08332498172530016,-0.27906912616680996,-0.21463594028766425,-0.24225005695971238,-0.23218167477189072
387,-1,-0.5694980916284906,-0.6102391283567213,-0.3233626892468862,-0.460696462860883,0.4152380537843265,0.24577856676035803,-0.04628675057938646,1.0510004449672299,-0.3086792759500628,-0.2152790005548377
388,-1,-0.23323499685246624,-0.2093693933227968,-0.16123269346402147,-0.6566321808762763,-0.18411708667445836,-0.13026526597840513,-0.20495428119336656,-0.21463594028766425,-0.3086792759500628,-0.27987136274143315
389,-1,-0.6779463562549408,-0.6387466008438395,-0.6669752878912056,-0.6595293777156793,-0.31302452628275707,-0.2606549444592523,-0.15986775050118848,-0.2794904821915789,-0.3086792759500628,-0.27987136274143315
390,-1,1.2618374816515538,1.3192090917029116,0.14523618893332196,0.17631191045210048,0.10270196645400625,0.10443615528711972,0.029742727889204238,-0.14978139838374963,-0.16105878930483972,-0.15913797547676872
391,-1,-0.6090273371359637,-0.41379530698795564,0.6297988914933799,-0.6127311275921454,0.14981763563083944,-0.014792166715766903,0.7395776556223584,6.070417715620703,-0.3086792759500628,0.013631501698966075
392,1,-0.46898506587714656,-0.44727010892762364,-0.5469060656044693,-0.5207025221052249,-0.20184185962059942,-0.2606549444592523,-0.20310141006903046,-0.21463594028766425,-0.23486903262745124,-0.27987136274143315
393,1,-0.4444739946851521,-0.42935335772613076,-0.3903077592269011,-0.38276186788094096,-0.31302452628275707,-0.15634320167457455,-0.27906912616680996,-0.1886941235260984,-0.3086792759500628,-0.1832846529297016
394,1,-0.7044118473921003,-0.7550102269926725,-0.6518088241463537,-0.6393853385146534,-0.2485708064786077,-0.2606549444592523,-0.27906912616680996,0.12623953195931106,-0.23117852046132065,-0.21950466910910094
395,-1,-0.6735378902132152,-0.6642080694213751,-0.6591677983401866,-0.6515194805714474,-0.31302452628275707,-0.2606549444592523,-0.27906912616680996,-0.2794904821915789,-0.3086792759500628,-0.27987136274143315
396,1,-0.2550715986458138,-0.2321128891810127,-0.2271644509703934,-0.16250673874891144,-0.18373036435563345,-0.182421137370744,-0.09378201373320144,-0.08492685647983499,0.35561291395344097,-0.15913797547676872
397,-1,1.3612190011188552,1.38109764293248,0.6000639844799242,0.30177757593260196,7.421421850215165,0.2609037694641363,0.3385545819452184,0.04478222732799429,-0.08724854598222818,0.02196210542022792
398,-1,0.31575127932362496,0.4077041371600055,-0.6438352177963766,0.5367913666112376,0.009244072737989701,-0.16155878881380845,-0.15554438454440428,-0.2001733774430913,4.860030633202454,-0.1229179592973694
399,-1,-0.6722153504006975,-0.6628022214631063,-0.6641513023089222,-0.6433391600837212,-0.2878875755591388,-0.24031415461624012,-0.25498180155044087,-0.2794904821915789,-0.25110728615842576,-0.27987136274143315
400,1,0.9491009006515387,0.8755703376718751,0.4198937043302365,0.33228335441808116,0.11494817321679464,-0.046815871750662964,-0.0320196429219986,-0.10600458259860723,-0.12415366764353396,-0.18932132229293483
401,1,-0.6734791106659922,-0.6536173481357499,-0.6533204870168701,-0.6510763798783622,-0.18166784532190067,-0.2444344684562349,-0.21730675535560712,-0.2794904821915789,-0.3086792759500628,-0.26019182061729285
402,-1,-0.3932182295066889,-0.3518755146926481,-0.3401404859416294,-0.31639901792426167,-0.31302452628275707,-0.2606549444592523,-0.19260180703112598,-0.25419721084905217,-0.27480037426498405,-0.2653229895760411
403,1,-0.4960236575997303,-0.4321181920440595,-0.4023512271513454,-0.3330834632523534,-0.10851287334419116,-0.09260872683313648,-0.09378201373320144,-0.21463594028766425,-0.05034342432092243,-0.15913797547676872
404,-1,-0.25754033962918016,-0.21675790537014306,-0.19601755116579592,-0.1567975567418525,-0.31302452628275707,-0.07810939458606628,-0.21113051827448684,-0.2794904821915789,-0.1905828866338843,-0.12895462866060262
405,1,1.695086829345542,1.79254247871916,2.128172418093216,2.2562776907969475,0.12526076838545852,0.0783582195909503,-0.27906912616680996,0.5636185625593114,0.09727706232430061,-0.21950466910910094
406,-1,-0.6779463562549408,-0.6688942292822713,-0.6641513023089222,-0.6566321808762763,-0.31302452628275707,-0.2606549444592523,-0.27906912616680996,-0.2794904821915789,-0.3086792759500628,-0.27987136274143315
407,-1,-0.3757460090946497,-0.34547109621609007,-0.3276817260197904,-0.31692733028909403,-0.20841613904062264,-0.056412552086853314,-0.23274734805840783,-0.2794904821915789,-0.24963108129197353,-0.2285596731539508
408,1,-0.6779463562549408,-0.6688942292822713,-0.6641513023089222,-0.6566321808762763,-0.31302452628275707,-0.2606549444592523,-0.27906912616680996,-0.2794904821915789,-0.3086792759500628,-0.27987136274143315
409,1,0.07929585573226856,0.1445606404378182,0.25666733767424993,0.3074697156053115,-0.31302452628275707,-0.13026526597840513,-0.15554438454440428,-0.007101406195137419,-0.14629674064031742,-0.27987136274143315
410,-1,-0.58316433635784,-0.4632342935204098,-0.26606900528632266,-0.5634106119848958,0.7220377600520774,0.07741941390588819,0.5387881881151381,1.2777319234633155,0.09705563159433278,0.04701428327764579
411,1,1.4205128693800646,1.51958928735483,1.7071660028144326,1.7779504926115042,0.028644642399038658,0.020986761059377555,0.03591896497032453,0.06423858989916868,0.09727706232430061,0.04610878287316081
412,-1,-0.6779463562549408,-0.6688942292822713,-0.6641513023089222,-0.6566321808762763,-0.31302452628275707,-0.2606549444592523,-0.27906912616680996,-0.2794904821915789,-0.3086792759500628,-0.27987136274143315
413,-1,-0.654111249856011,-0.548178751265587,-0.5681191808313871,-0.5902352462508982,-0.27718825807165,-0.17605812106087865,0.20033039606974648,0.09543362455495162,-0.021114567965168266,-0.14815123723568427
414,1,-0.14402233905474549,-0.13445331767993737,-0.1526942899975878,-0.16250673874891144,-0.18411708667445836,-0.052031458889896846,-0.21113051827448684,-0.2794904821915789,-0.23117852046132065,-0.21745220152560166
415,-1,-0.6809441131633143,-0.6720808179876806,-0.6675400850076624,-0.66010881708356,-0.29394622522072883,-0.2606549444592523,-0.27906912616680996,-0.2794904821915789,-0.3086792759500628,-0.27987136274143315
416,-1,-0.6024146380733753,-0.5886046903322509,-0.5787672676445855,-0.5690345823202076,0.29135800432075143,-0.20849907306691343,0.038389459802772634,0.053861863194542337,0.07070537472816046,-0.1229179592973694
417,1,0.34593457682263967,0.03213966537492004,0.05898834691440458,0.10118930063981435,-0.03432664184961526,-0.09198285637642842,-0.18963721323218824,-0.1886941235260984,-0.20534493529840664,-0.19535799165616807
418,-1,0.057312305070863476,0.10257264808418887,-0.4934662913797279,-0.49305985579045,-0.19584766367881354,-0.14591202739610679,-0.20544838015985617,-0.21463594028766425,-0.16105878930483972,-0.21950466910910094
419,-1,-0.018983547224601213,0.11325709256703204,0.15217987112976022,0.2352954296354767,-0.18411708667445836,-0.15634320167457455,0.09150509870040709,-0.2794904821915789,0.001323746004905636,-0.15913797547676872
420,1,-0.6615321676929158,-0.6622555028126684,-0.6685866208410968,-0.6319037537352538,-0.18501943875171645,-0.2606549444592523,-0.27906912616680996,-0.2794904821915789,-0.1455586382070913,-0.27987136274143315
421,1,-0.5619890044707513,-0.5970397780818639,-0.5718900321677305,-0.5632231463070521,-0.21441033498240855,-0.1561345781890052,-0.21730675535560712,-0.21411710395243294,-0.20534493529840664,-0.24365134656203383
422,-1,-0.36547428321742903,-0.2032305239050229,0.3071668445574373,1.0662114831762712,-0.05495183218694305,0.00022872424522668778,0.33880163142846326,4.260392305624349,5.891602593879273,0.9274625099052111
423,1,-0.14493342203670212,-0.48893007009099027,-0.619665223548009,-0.5634446966535946,-0.19726564551450482,-0.19368680559148918,-0.21360101310693494,-0.2730050280011874,-0.3013720618611242,-0.26339125537980645
424,1,1.3752967026787657,1.5586718605947039,1.825839843989923,1.9517652606413376,0.002798700757574767,0.08357380673018418,0.13473875826824908,0.446880387132265,0.11203911098882292,0.07629212968932692
425,1,1.8124842800366952,2.098845507760201,2.011276026666575,2.1270286270908727,0.1764370219099531,-0.2606549444592523,0.4620793235676241,-0.2794904821915789,0.1945589630235026,0.032948843661312385
426,-1,0.8960670541695795,1.2106776293245574,0.3799758375406644,0.4893455077824253,0.009244072737989701,0.00012441250244201008,0.9561782900572469,0.36905493684756746,0.42942315727605246,0.323795573581889
427,1,-0.6694086270207988,-0.6598186996850024,-0.6544999162894708,-0.6467305846192576,-0.2755769150765463,-0.2303523831803034,-0.2431851887255011,-0.24180999334540448,-0.26579552457962546,-0.24479831374104816
428,-1,-0.26387383584245927,-0.3065134872391736,-0.6546494214085329,-0.18924616134316666,-0.20880286135944756,-0.1763710562892327,-0.2168126563891175,-0.21230117677912333,1.8205986234206344,-0.21346799974586772
429,1,-0.5498510279692002,-0.5371975166582204,-0.5133338605350871,-0.5013765149529716,-0.23097494097207494,-0.12609279626701803,-0.27906912616680996,-0.2183975037180913,-0.28498618784350443,-0.27987136274143315
430,1,0.49203114144542665,-0.6006325006418843,0.6390848205551238,0.707828234142114,-0.06810039102698952,-0.2602898533595059,-0.219097864109132,4.888184271254243,-0.09750816980407119,-0.11700202332140085
431,-1,-0.6750073788937904,-0.6673321759953059,-0.49979534142002213,-0.30387290217743085,-0.3065791543023421,-0.2502237701807845,-0.27906912616680996,0.3621803554057525,1.1675255905021678,-0.03236791884887107
432,-1,-0.4237101196286244,-0.4113741243931593,-0.37044019007154183,-0.3528525710976918,-0.119663366870309,-0.20849907306691343,-0.21730675535560712,-0.14978139838374963,-0.23486903262745124,-0.15913797547676872
433,-1,-0.6779463562549408,-0.6688942292822713,-0.6641513023089222,-0.6535475183590295,-0.31302452628275707,-0.2606549444592523,-0.27906912616680996,-0.2794904821915789,-0.29531962190867006,-0.17815348397095337
434,1,-0.21523376051541998,-0.13685887974186403,-0.11242757793020418,-0.06577444898154845,-0.18411708667445836,-0.13026526597840513,-0.08760577665208116,-0.2794904821915789,-0.16105878930483972,0.20306218631722456
435,1,-0.6764768675743656,-0.6688942292822713,-0.6467090384183475,-0.6591885310286908,-0.31302452628275707,-0.2554393573200184,-0.27906912616680996,-0.2113932131924685,-0.3086792759500628,-0.27987136274143315
436,1,-0.40645832251867153,-0.3889899007909455,-0.3457552337464048,-0.33708841182446936,-0.18411708667445836,-0.15112761453534068,-0.27906912616680996,-0.18220866933570692,-0.3086792759500628,-0.18932132229293483
437,-1,-0.23657073615737195,-0.195014123615585,-0.14923906057926445,-0.09587121144264131,-0.197781275272938,-0.16682653182443466,-0.21113051827448684,-0.20490775900207706,-0.12983705637937504,-0.27987136274143315
438,1,-0.6766385113292289,-0.6688942292822713,-0.6582375442660225,-0.3803248140689725,-0.30728814522018777,-0.2606549444592523,-0.27906912616680996,-0.2564022652737853,0.8880061990394379,-0.27987136274143315
439,1,-0.42972032833217705,-0.387521570701198,-0.3432967051218286,-0.31818846303095183,-0.1293314248409314,-0.2606549444592523,-0.19260180703112598,-0.17572321514531547,-0.23486903262745124,-0.27987136274143315
440,1,0.3113868979423166,0.403486593285199,0.5051116221956152,0.6512476841020075,-0.15189022677238367,-0.13527222963206967,-0.09378201373320144,-0.09789776486061791,0.25965959763404595,-0.27987136274143315
441,-1,-0.6707752514937338,-0.6612714092418802,-0.6641513023089222,-0.6239961105971185,-0.25643416029471394,-0.2352028792197909,-0.24892908921094298,-0.2794904821915789,-0.16733265998726168,-0.27383469337819993
442,-1,0.15615011372635182,-0.026421712353411925,-0.21402461217282723,-0.19084814077201306,-0.15189022677238367,-0.14069644025687292,-0.18352273852187917,-0.18895354169371406,-0.22010698396292894,-0.15913797547676872
443,-1,-0.5769924838994241,-0.558956918945648,-0.626476012305281,-0.5705513500773068,-0.31302452628275707,-0.20683008518235857,-0.2667166520045694,-0.2610069377489632,-0.08724854598222818,-0.15913797547676872
444,-1,0.664064181280366,0.7868613315051113,0.2150218561755161,0.24644111630000373,-0.08743650696823432,-0.2606549444592523,-0.08118249008771607,-0.14958683475803788,-0.16009925614164577,-0.12829059503064696
445,-1,-0.55033595923379,-0.5754365811231328,-0.593518439392043,-0.5708410697612472,-0.21589277053790398,-0.09850234030047077,-0.14263604904486288,-0.14978139838374963,-0.12415366764353396,-0.09877128184443651
446,1,-0.21873114357518897,-0.13609347363125102,-0.0860316185758013,-0.07535224088592796,-0.19365623720547245,-0.2606549444592523,-0.049868968086436226,-0.1789659422405112,-0.3086792759500628,-0.19535799165616807
447,-1,-0.34656196389842614,-0.32756996554746687,-0.29513944510394696,0.7090041552122247,0.5313836568714037,0.2609037694641363,-0.27906912616680996,0.36905493684756746,5.6058831419774435,0.014838835571612719
448,1,0.02886300421492749,0.11246044539067969,0.1722800038036605,0.20809586401378688,-0.19958597942745418,-0.1621846592705165,-0.06512427367680332,-0.16813523374255746,-0.1783303862423308,-0.12895462866060262
449,-1,0.9721130933893464,1.1022867517420298,1.2317065008372652,1.3374061496787462,-0.05520964706615965,0.02881014176822838,0.06680015037592595,-0.013586860385528882,0.0382288676662114,0.3842830006014859
450,1,-0.5983000697677646,-0.6047875623852123,-0.6376390611952487,-0.6294666999232853,-0.15189022677238367,-0.2606549444592523,-0.18049638235213022,-0.2794904821915789,-0.19102574809382,-0.27987136274143315
451,-1,0.09346172661301355,0.07662694298769396,0.07347373178352938,-0.04706196586587464,-0.17767171469404341,-0.1476853270234463,-0.19260180703112598,-0.18000361491097383,-0.2127259596306678,-0.23972751147593224
452,1,-0.06303881786824589,0.00035188098517462753,0.06674600142573632,0.11214752162649765,-0.05520964706615965,-0.2606549444592523,-0.15554438454440428,-0.14978139838374963,-0.16105878930483972,-0.15913797547676872
453,1,-0.4249151003466961,-0.381835696736644,-0.36612115329863765,-0.32307961298923815,-0.12810680416465256,-0.2606549444592523,-0.18988426271543307,-0.2794904821915789,-0.1660040756074547,-0.27987136274143315
454,-1,-0.44476789242126713,-0.49163242227744036,-0.5342147421640894,-0.531251727067522,0.8912932282577736,-0.20302270657071783,-0.24818794076120854,-0.24706321123962158,-0.271774154288757,-0.21950466910910094
