id,y,x0,x1,x2,x3,x4,x5,x6,x7,x8,x9,x10,x11,x12,x13,x14,x15,x16,x17
683,3,-0.26087,0.0,-0.08333330000000001,-0.7117899999999999,-0.758242,-0.660377,-0.359477,-0.0285714,-0.5,0.14285699999999998,-0.578947,-0.546763,-0.031446499999999995,-0.552632,-1.0,-0.560976,-0.6,-0.2
688,2,0.434783,0.8461540000000001,0.8611110000000001,0.14410499999999998,-0.5604399999999999,-0.849057,0.960784,-1.0,0.833333,0.514286,0.631579,0.925659,0.8993709999999999,-0.28947399999999995,-0.181818,0.512195,-0.733333,-0.8
689,1,-0.304348,-0.8461540000000001,-0.666667,-0.8515280000000001,-0.78022,-0.924528,-0.869281,0.657143,-1.0,-0.8,-0.9052629999999999,-0.9136690000000001,-0.7610060000000001,-0.394737,-0.545455,-0.365854,-0.666667,-0.8
690,1,0.391304,0.384615,0.805556,-0.187773,-0.714286,-0.660377,0.032679700000000006,-0.48571400000000003,-0.166667,0.257143,-0.189474,-0.134293,0.06918239999999999,-0.8684209999999999,0.636364,-0.804878,0.333333,0.6
691,1,-0.0869565,-0.461538,0.25,-0.28384299999999996,-0.67033,-0.735849,-0.254902,-0.257143,-0.5,-0.4,-0.431579,-0.41007200000000005,-0.698113,-0.947368,-0.818182,-0.560976,0.6,0.933333
692,2,-0.434783,-0.07692310000000001,-0.138889,-0.42358100000000004,-0.49450500000000003,-0.849057,-0.555556,0.08571430000000001,-0.666667,-0.2,-0.557895,-0.671463,0.00628931,-0.684211,-0.0909091,-0.6097560000000001,-0.266667,-0.333333
693,1,0.5217390000000001,0.384615,0.666667,-0.10917,-0.648352,-0.698113,0.09803919999999999,-0.5428569999999999,0.0,0.171429,-0.11578900000000002,-0.059952,0.15723299999999998,-0.8421049999999999,-0.363636,-0.21951199999999998,0.2,0.6
696,3,-0.173913,-0.384615,-0.277778,-0.8165939999999999,-0.8901100000000001,-0.811321,-0.647059,0.371429,-0.833333,-0.28571399999999997,-0.684211,-0.781775,-0.345912,-0.42105299999999996,-0.363636,-0.0731707,-0.6,-0.8
704,3,-0.130435,-0.230769,0.055555600000000004,-0.49345,-0.626374,-0.7735850000000001,-0.673203,0.257143,-0.833333,-0.228571,-0.726316,-0.767386,-0.371069,-0.8947370000000001,0.545455,-0.414634,0.8,0.933333
705,0,0.130435,0.461538,0.777778,-0.36244499999999996,-0.824176,-0.698113,0.281046,-0.657143,0.166667,0.371429,-0.0631579,0.134293,0.333333,-0.631579,-0.727273,-0.902439,-0.266667,-0.13333299999999998
706,1,0.608696,0.6153850000000001,0.722222,-0.152838,-0.626374,-0.660377,0.320261,-0.714286,0.166667,0.514286,-0.0315789,0.16307,0.40880500000000003,-0.631579,0.545455,-0.21951199999999998,-0.2,0.13333299999999998
708,3,-0.173913,-0.8461540000000001,-0.5,-0.7205239999999999,-0.758242,-0.849057,-0.869281,0.657143,-1.0,-0.6,-0.873684,-0.9088729999999999,-0.91195,-0.8684209999999999,-0.454545,-0.170732,0.4,0.466667
709,3,-0.0869565,0.230769,0.166667,-0.7117899999999999,-0.802198,-0.698113,-0.385621,-0.0285714,-0.5,0.2,-0.515789,-0.5611510000000001,-0.031446499999999995,-0.552632,-0.0909091,-0.658537,-0.533333,-0.266667
713,1,0.391304,-0.07692310000000001,0.666667,-0.20524,-0.692308,-0.698113,0.12418299999999999,-0.6,0.0,-0.11428599999999998,-0.11578900000000002,-0.0359712,-0.031446499999999995,-0.789474,-0.272727,-0.7560979999999999,0.0666667,0.266667
714,1,0.478261,0.538462,0.8888889999999999,-0.0655022,-0.648352,-0.660377,0.39869299999999996,-0.714286,0.333333,0.428571,0.0315789,0.247002,0.119497,-0.736842,-0.0909091,0.0243902,-0.0666667,0.466667
716,0,0.173913,0.461538,0.916667,0.0567686,-0.538462,-0.698113,0.437908,-0.771429,0.333333,0.342857,0.16842100000000002,0.311751,0.232704,-0.631579,-0.363636,0.365854,-0.2,0.2
718,2,0.0,0.0,-0.055555600000000004,-0.14410499999999998,-0.406593,-0.886792,-0.333333,-0.257143,-0.5,-0.11428599999999998,-0.42105299999999996,-0.46283,0.031446499999999995,-0.710526,-0.363636,-0.6097560000000001,0.333333,0.266667
720,1,0.347826,0.538462,0.694444,-0.17030599999999999,-0.604396,-0.660377,0.320261,-0.714286,0.166667,0.428571,-0.09473680000000001,0.158273,0.40880500000000003,-0.657895,0.0909091,-0.414634,-0.266667,0.13333299999999998
722,1,0.391304,0.6153850000000001,0.8888889999999999,0.135371,-0.49450500000000003,-0.622642,0.346405,-0.714286,0.166667,0.428571,0.010526299999999999,0.206235,0.496855,-0.763158,-0.636364,0.0731707,-0.13333299999999998,0.333333
723,3,-0.0869565,-0.07692310000000001,0.25,-0.484716,-0.538462,-0.698113,-0.41176499999999994,0.0285714,-0.5,0.08571430000000001,-0.578947,-0.585132,-0.15723299999999998,-0.631579,0.545455,-0.46341499999999997,-0.266667,-0.0666667
728,2,0.0,-0.153846,-0.22222199999999998,-0.248908,-0.49450500000000003,-0.811321,-0.437908,-0.14285699999999998,-0.666667,-0.228571,-0.48421099999999995,-0.549161,-0.283019,-0.789474,-0.545455,-0.658537,0.733333,0.666667
729,0,-0.478261,-0.769231,-0.11111099999999999,-0.799127,-0.802198,-0.811321,-0.803922,0.6,-0.833333,-0.8,-0.852632,-0.882494,-0.8238989999999999,-0.710526,-0.727273,0.46341499999999997,-0.466667,-0.13333299999999998
730,0,0.304348,0.153846,0.555556,0.117904,-0.47252700000000003,-0.698113,0.21568600000000002,-0.657143,0.0,0.0,0.010526299999999999,0.0767386,0.10691800000000001,-0.684211,-0.818182,-0.268293,-0.2,0.0
731,0,0.21739099999999997,0.692308,0.8611110000000001,-0.161572,-0.692308,-0.660377,0.477124,-0.771429,0.333333,0.714286,0.0315789,0.30935300000000004,0.194969,-0.605263,-0.272727,0.707317,-0.266667,0.333333
732,2,0.304348,0.461538,0.75,-0.42358100000000004,-0.8901100000000001,-0.811321,0.620915,-0.8857139999999999,0.5,0.2,0.305263,0.515588,0.7735850000000001,-0.394737,-0.727273,0.121951,-0.533333,-0.8
735,3,-0.347826,-0.461538,-0.583333,-0.9126639999999999,-0.868132,-0.811321,-0.7385619999999999,0.5428569999999999,-0.833333,-0.4,-0.873684,-0.844125,-0.383648,-0.263158,-1.0,-0.658537,-1.0,-0.866667
738,2,0.391304,0.384615,0.47222200000000003,-0.510917,-0.9120879999999999,-0.811321,0.37254899999999996,-0.771429,0.166667,0.342857,0.157895,0.244604,0.245283,-0.42105299999999996,-0.181818,0.21951199999999998,-0.2,-0.533333
744,1,0.0869565,0.153846,0.694444,-0.135371,-0.604396,-0.735849,0.11111099999999999,-0.6,0.0,-0.0285714,-0.09473680000000001,-0.0407674,-0.18239,-0.763158,-0.818182,-0.7560979999999999,-0.13333299999999998,0.0666667
745,3,0.0,0.0,0.333333,-0.388646,-0.538462,-0.698113,-0.437908,-0.0285714,-0.666667,-0.14285699999999998,-0.5473680000000001,-0.592326,-0.081761,-0.736842,0.272727,-0.268293,0.2,0.4
746,2,-0.478261,-0.230769,-0.194444,-0.676856,-0.67033,-0.811321,-0.477124,0.0285714,-0.666667,-0.228571,-0.494737,-0.623501,-0.119497,-0.342105,-0.909091,-0.804878,-0.666667,-0.8
748,2,-0.695652,-0.230769,-0.22222199999999998,-0.834061,-0.868132,-0.811321,-0.503268,0.14285699999999998,-0.666667,-0.171429,-0.5894739999999999,-0.6570739999999999,-0.15723299999999998,-0.42105299999999996,-0.363636,-0.317073,-0.8,-0.8
749,3,-0.130435,0.0,0.25,-0.43231400000000003,-0.582418,-0.735849,-0.490196,0.0285714,-0.666667,-0.171429,-0.5894739999999999,-0.628297,-0.119497,-0.789474,-1.0,-0.804878,0.266667,0.533333
750,1,-0.130435,0.384615,0.388889,-0.0829694,-0.516484,-0.7735850000000001,-0.0718954,-0.428571,-0.166667,0.08571430000000001,-0.147368,-0.227818,0.5220130000000001,-0.710526,-0.454545,-0.9512200000000001,-0.13333299999999998,0.0
752,3,-0.478261,-0.769231,-0.694444,-0.9039299999999999,-0.802198,-0.886792,-0.9084969999999999,0.771429,-1.0,-0.828571,-0.9052629999999999,-0.944844,-0.7735850000000001,-0.42105299999999996,0.181818,-0.7560979999999999,-0.666667,-0.8
755,3,-0.21739099999999997,-0.384615,-0.333333,-0.615721,-0.692308,-0.7735850000000001,-0.777778,0.428571,-0.833333,-0.314286,-0.6736840000000001,-0.844125,-0.44654099999999997,-0.763158,-0.454545,-0.414634,0.2,0.333333
756,3,-0.434783,-0.538462,-0.5,-0.8165939999999999,-0.824176,-0.886792,-0.9346409999999999,0.771429,-1.0,-0.5428569999999999,-0.8947370000000001,-0.9520379999999999,-0.509434,-0.736842,-0.363636,-0.707317,-0.0666667,-0.13333299999999998
758,1,-0.21739099999999997,-0.230769,-0.11111099999999999,-0.668122,-0.802198,-0.811321,-0.5163399999999999,0.08571430000000001,-0.666667,-0.371429,-0.6,-0.6570739999999999,-0.295597,-0.657895,0.181818,0.121951,-0.333333,-0.333333
765,1,0.304348,0.538462,0.833333,-0.406114,-0.824176,-0.698113,0.30719,-0.657143,0.166667,0.428571,-0.0526316,0.141487,0.433962,-0.631579,0.454545,0.170732,-0.266667,0.0666667
767,1,0.0869565,-0.6153850000000001,0.055555600000000004,-0.240175,-0.604396,-0.7735850000000001,-0.254902,-0.257143,-0.5,-0.48571400000000003,-0.29473699999999997,-0.41007200000000005,-0.597484,-0.789474,-0.181818,-0.0243902,0.0666667,0.2
770,1,-0.21739099999999997,-0.769231,0.194444,-0.49345,-0.692308,-0.7735850000000001,-0.607843,0.2,-0.666667,-0.714286,-0.652632,-0.726619,-0.647799,-0.8947370000000001,-1.0,0.512195,0.13333299999999998,0.266667
771,2,-0.695652,-0.153846,-0.22222199999999998,-0.8602620000000001,-0.868132,-0.7735850000000001,-0.490196,0.08571430000000001,-0.666667,-0.2,-0.578947,-0.642686,0.0188679,-0.44736800000000004,-0.636364,-0.21951199999999998,-0.733333,-0.733333
773,0,-0.173913,0.461538,0.47222200000000003,-0.126638,-0.5604399999999999,-0.735849,0.00653595,-0.48571400000000003,-0.166667,0.228571,-0.11578900000000002,-0.155875,0.647799,-0.657895,-0.818182,-0.7560979999999999,-0.2,-0.0666667
774,2,-0.391304,-0.307692,-0.166667,-0.6943229999999999,-0.736264,-0.811321,-0.5163399999999999,0.08571430000000001,-0.666667,-0.314286,-0.505263,-0.6570739999999999,-0.40880500000000003,-0.5,-0.454545,-0.560976,-0.4,-0.533333
777,1,0.0,-0.07692310000000001,0.694444,-0.152838,-0.582418,-0.735849,0.045751599999999996,-0.5428569999999999,-0.166667,-0.28571399999999997,-0.0736842,-0.117506,0.081761,-0.631579,-0.727273,-0.0731707,-0.13333299999999998,0.0666667
779,1,0.652174,0.307692,0.75,-0.17030599999999999,-0.714286,-0.660377,0.294118,-0.714286,0.166667,0.08571430000000001,-0.021052599999999998,0.148681,-0.00628931,-0.763158,-0.181818,-0.560976,-0.0666667,0.266667
780,3,0.0,-0.538462,-0.333333,-0.938865,-0.978022,-0.7735850000000001,-0.712418,0.48571400000000003,-0.833333,-0.342857,-0.684211,-0.822542,-0.622642,-0.44736800000000004,-0.363636,-0.0243902,-0.533333,-0.8
781,1,0.565217,0.07692310000000001,0.555556,-0.10917,-0.626374,-0.735849,0.12418299999999999,-0.6,0.0,-0.08571430000000001,-0.0631579,-0.0359712,0.031446499999999995,-0.710526,-0.636364,-0.365854,-0.0666667,0.13333299999999998
783,0,-0.391304,-0.153846,0.611111,-0.0655022,-0.49450500000000003,-0.698113,0.00653595,-0.48571400000000003,-0.166667,-0.342857,-0.11578900000000002,-0.158273,-0.132075,-0.684211,-0.818182,0.0243902,-0.266667,-0.13333299999999998
785,3,-0.391304,-0.692308,-0.666667,-0.8951969999999999,-0.8461540000000001,-0.849057,-0.960784,0.828571,-1.0,-0.771429,-0.947368,-0.971223,-0.5597479999999999,-0.605263,0.0,0.0731707,-0.333333,-0.4
788,3,-0.130435,-0.692308,-0.166667,-0.80786,-0.8901100000000001,-0.735849,-0.803922,0.5428569999999999,-0.833333,-0.457143,-0.726316,-0.8705040000000001,-0.8742139999999999,-0.684211,-0.818182,-0.365854,0.0,-0.4
790,1,-0.26087,-0.538462,0.25,-0.510917,-0.736264,-0.811321,-0.333333,-0.14285699999999998,-0.5,-0.628571,-0.378947,-0.49160699999999996,-0.383648,-0.684211,-0.363636,-0.365854,-0.333333,-0.266667
791,2,-0.478261,-0.230769,-0.277778,-0.8602620000000001,-0.8461540000000001,-0.886792,-0.529412,0.14285699999999998,-0.666667,-0.228571,-0.6,-0.6738609999999999,-0.18239,-0.263158,-0.272727,-0.902439,-0.8,-1.0
792,3,-0.434783,-0.230769,-0.22222199999999998,-0.5982529999999999,-0.626374,-0.735849,-0.660131,0.257143,-0.833333,-0.28571399999999997,-0.6736840000000001,-0.757794,-0.18239,-0.736842,-0.454545,-1.0,0.0666667,0.333333
796,3,-0.565217,-0.461538,-0.638889,-0.9126639999999999,-0.868132,-0.849057,-0.7385619999999999,0.5428569999999999,-0.833333,-0.371429,-0.873684,-0.8489209999999999,-0.396226,-0.28947399999999995,-0.272727,-0.658537,-1.0,-0.866667
798,1,0.652174,0.538462,0.8888889999999999,-0.0655022,-0.692308,-0.660377,0.24183000000000002,-0.657143,0.0,0.4,-0.08421050000000001,0.08393289999999999,0.345912,-0.8684209999999999,0.909091,-0.902439,0.333333,0.6
799,0,0.304348,0.769231,0.666667,-0.292576,-0.736264,-0.660377,0.359477,-0.714286,0.166667,0.571429,-0.0631579,0.199041,0.383648,-0.578947,0.363636,-0.46341499999999997,-0.333333,-0.13333299999999998
802,0,-0.5217390000000001,-0.6153850000000001,-0.44444399999999995,-0.790393,-0.802198,-0.886792,-0.7385619999999999,0.371429,-0.833333,-0.657143,-0.810526,-0.815348,-0.597484,-0.578947,-0.272727,-0.804878,-0.4,-0.533333
807,1,-0.347826,-0.07692310000000001,0.166667,-0.554585,-0.802198,-0.7735850000000001,-0.45098,-0.0285714,-0.666667,-0.11428599999999998,-0.473684,-0.585132,-0.232704,-0.736842,-0.727273,-1.0,-0.2,-0.2
809,2,-0.565217,0.0,-0.22222199999999998,-0.6943229999999999,-0.736264,-0.849057,-0.503268,0.0285714,-0.666667,-0.2,-0.557895,-0.6354920000000001,-0.06918239999999999,-0.605263,-0.545455,-0.8536590000000001,-0.4,-0.333333
812,0,-0.565217,-0.538462,-0.194444,-0.799127,-0.8461540000000001,-0.886792,-0.699346,0.314286,-0.833333,-0.628571,-0.736842,-0.784173,-0.333333,-0.736842,0.454545,-0.707317,-0.266667,-0.4
814,3,-0.26087,0.153846,0.027777800000000002,-0.755459,-0.802198,-0.698113,-0.41176499999999994,0.0285714,-0.5,0.314286,-0.5894739999999999,-0.592326,-0.0188679,-0.5,-0.909091,-0.8536590000000001,-0.6,-0.333333
815,2,-0.478261,-0.230769,-0.277778,-0.834061,-0.824176,-0.811321,-0.503268,0.08571430000000001,-0.666667,-0.2,-0.557895,-0.6594720000000001,-0.194969,-0.368421,-0.636364,-0.268293,-0.733333,-0.866667
817,3,-0.26087,0.153846,0.25,-0.537118,-0.626374,-0.660377,-0.359477,-0.0285714,-0.5,0.4,-0.526316,-0.541966,-0.031446499999999995,-0.605263,-0.727273,-0.21951199999999998,-0.4,-0.0666667
818,1,0.347826,0.538462,0.8888889999999999,-0.126638,-0.626374,-0.660377,0.41176499999999994,-0.714286,0.333333,0.5428569999999999,0.010526299999999999,0.254197,0.18239,-0.684211,0.272727,0.46341499999999997,-0.13333299999999998,0.466667
820,1,-0.130435,-0.307692,0.611111,-0.23144099999999998,-0.648352,-0.735849,-0.045751599999999996,-0.428571,-0.166667,-0.428571,-0.2,-0.22302199999999997,-0.194969,-0.710526,-0.0909091,0.0243902,-0.13333299999999998,0.0666667
821,1,-0.391304,-0.6153850000000001,-0.138889,-0.834061,-0.868132,-0.7735850000000001,-0.673203,0.314286,-0.833333,-0.742857,-0.705263,-0.776978,-0.5471699999999999,-0.578947,-1.0,-0.560976,-0.666667,-0.666667
823,3,-0.043478300000000004,-0.384615,0.166667,-0.42358100000000004,-0.604396,-0.735849,-0.568627,0.14285699999999998,-0.666667,-0.228571,-0.652632,-0.688249,-0.610063,-0.8684209999999999,-0.636364,-0.6097560000000001,0.533333,0.733333
826,0,-0.434783,-0.538462,0.22222199999999998,-0.6069869999999999,-0.78022,-0.7735850000000001,-0.42483699999999996,-0.0285714,-0.5,-0.571429,-0.42105299999999996,-0.582734,-0.396226,-0.605263,-1.0,0.121951,-0.533333,-0.4
832,2,0.173913,0.07692310000000001,-0.166667,-0.292576,-0.49450500000000003,-0.811321,-0.346405,-0.2,-0.5,0.0,-0.48421099999999995,-0.46762600000000004,-0.20754699999999998,-0.763158,-0.181818,-0.707317,0.6,0.6
835,1,-0.608696,-0.769231,-0.694444,-0.9126639999999999,-0.868132,-0.924528,-0.699346,0.371429,-0.833333,-0.771429,-0.789474,-0.798561,-0.5597479999999999,-0.28947399999999995,0.363636,-0.804878,-0.666667,-0.933333
836,2,0.652174,0.923077,0.805556,-0.310044,-0.9120879999999999,-0.849057,1.0,-1.0,1.0,0.6,0.631579,1.0,0.836478,-0.315789,-0.636364,-0.6097560000000001,-0.666667,-0.866667
838,1,-0.0869565,0.0,0.027777800000000002,-0.43231400000000003,-0.714286,-0.7735850000000001,-0.39869299999999996,-0.08571430000000001,-0.5,-0.14285699999999998,-0.463158,-0.546763,-0.09433960000000001,-0.789474,0.0909091,-0.902439,0.13333299999999998,0.2
839,3,-0.043478300000000004,-0.230769,0.0,-0.668122,-0.78022,-0.698113,-0.490196,0.0285714,-0.666667,-0.11428599999999998,-0.5473680000000001,-0.628297,-0.371069,-0.684211,-0.818182,0.121951,-0.266667,0.266667
842,1,-0.130435,-0.538462,0.305556,-0.310044,-0.626374,-0.7735850000000001,-0.254902,-0.2,-0.5,-0.5428569999999999,-0.263158,-0.42925699999999994,-0.496855,-0.657895,-0.363636,0.21951199999999998,-0.2,-0.0666667
846,3,-0.478261,-0.769231,-0.277778,-0.834061,-0.824176,-0.886792,-0.895425,0.714286,-1.0,-0.714286,-0.8947370000000001,-0.9328540000000001,-0.72327,-0.631579,-0.909091,-0.121951,-0.333333,-0.4
2,3,-0.21739099999999997,-0.384615,0.22222199999999998,-0.676856,-0.78022,-0.735849,-0.5163399999999999,0.08571430000000001,-0.666667,-0.28571399999999997,-0.578947,-0.64988,-0.383648,-0.657895,-0.181818,-0.317073,-0.13333299999999998,0.2
4,3,-0.130435,-0.384615,0.166667,-0.519651,-0.648352,-0.735849,-0.581699,0.14285699999999998,-0.666667,-0.28571399999999997,-0.684211,-0.70024,-0.7735850000000001,-0.8947370000000001,-0.454545,-0.512195,0.533333,0.733333
5,2,-0.478261,-0.153846,-0.166667,-0.117904,0.230769,0.886792,-0.5163399999999999,0.08571430000000001,-0.666667,-0.257143,0.16842100000000002,-0.661871,-0.00628931,0.789474,-0.181818,-0.46341499999999997,-0.733333,-0.866667
6,2,0.478261,0.8461540000000001,0.833333,-0.406114,-0.934066,-0.849057,0.869281,-1.0,0.833333,0.457143,0.578947,0.8537170000000001,0.949686,-0.315789,-0.545455,-0.560976,-0.666667,-0.866667
10,1,-0.130435,-0.153846,0.611111,-0.187773,-0.67033,-0.660377,-0.0718954,-0.428571,-0.166667,-0.2,-0.24210500000000001,-0.23021599999999998,-0.45911899999999994,-0.8684209999999999,-0.636364,-0.317073,0.266667,0.533333
14,3,-0.304348,-0.307692,0.25,-0.650655,-0.758242,-0.698113,-0.477124,0.0285714,-0.666667,-0.257143,-0.5473680000000001,-0.613909,-0.345912,-0.657895,-0.272727,-0.365854,-0.266667,0.0666667
17,3,-0.304348,-0.769231,-0.694444,-0.956332,-0.8901100000000001,-0.849057,-0.9215690000000001,0.771429,-1.0,-0.685714,-0.926316,-0.947242,-0.798742,-0.44736800000000004,-0.818182,-0.317073,-0.666667,-0.733333
18,2,0.130435,-0.384615,0.027777800000000002,-0.187773,-0.516484,-0.849057,-0.150327,-0.428571,-0.333333,-0.4,-0.24210500000000001,-0.278177,-0.47169799999999995,-0.657895,-0.636364,-0.512195,0.466667,0.2
19,1,0.347826,0.6153850000000001,0.666667,-0.28384299999999996,-0.692308,-0.698113,0.359477,-0.714286,0.166667,0.571429,0.0,0.203837,0.396226,-0.605263,-0.545455,-0.46341499999999997,-0.4,-0.0666667
21,2,-0.5217390000000001,0.07692310000000001,-0.027777800000000002,-0.572052,-0.626374,-0.849057,-0.45098,-0.0285714,-0.666667,-0.228571,-0.526316,-0.592326,-0.0566038,-0.578947,-1.0,-0.8536590000000001,-0.4,-0.266667
24,2,-0.391304,-0.538462,-0.166667,-0.615721,-0.692308,-0.811321,-0.594771,0.14285699999999998,-0.833333,-0.48571400000000003,-0.642105,-0.705036,-0.597484,-0.736842,-0.909091,-0.902439,0.0666667,0.2
25,1,0.130435,0.538462,0.805556,0.00436681,-0.582418,-0.660377,0.20261400000000002,-0.657143,0.0,0.342857,-0.042105300000000005,0.0527578,0.44654099999999997,-0.763158,-1.0,-0.707317,0.0,0.333333
26,3,-0.478261,-0.07692310000000001,0.11111099999999999,-0.563319,-0.626374,-0.735849,-0.542484,0.08571430000000001,-0.666667,-0.14285699999999998,-0.5894739999999999,-0.664269,-0.18239,-0.684211,-0.909091,-0.804878,-0.2,0.2
27,1,-0.565217,-0.769231,-0.611111,-0.8689959999999999,-0.78022,-0.849057,-0.79085,0.5428569999999999,-0.833333,-0.8,-0.863158,-0.8705040000000001,-0.622642,-0.394737,-0.454545,-0.8536590000000001,-0.8,-0.866667
34,0,0.21739099999999997,0.153846,0.8611110000000001,0.030567700000000003,-0.538462,-0.698113,0.254902,-0.657143,0.166667,0.0285714,0.0736842,0.0959233,0.194969,-0.710526,-0.545455,0.8536590000000001,-0.0666667,0.4
39,1,0.434783,0.538462,0.611111,-0.371179,-0.8461540000000001,-0.698113,0.359477,-0.714286,0.166667,0.514286,0.10526300000000001,0.215827,0.371069,-0.605263,-0.909091,-0.560976,-0.266667,0.0666667
40,2,-0.652174,-0.07692310000000001,-0.22222199999999998,-0.43231400000000003,-0.428571,-0.849057,-0.490196,0.0285714,-0.666667,-0.2,-0.5473680000000001,-0.6354920000000001,-0.031446499999999995,-0.578947,-0.363636,-1.0,-0.533333,-0.466667
43,3,-0.0869565,0.230769,0.305556,-0.7117899999999999,-0.8461540000000001,-0.660377,-0.39869299999999996,-0.0285714,-0.5,0.257143,-0.494737,-0.563549,-0.031446499999999995,-0.578947,-0.545455,-0.7560979999999999,-0.533333,-0.13333299999999998
47,3,-0.21739099999999997,-0.230769,-0.166667,-0.746725,-0.824176,-0.7735850000000001,-0.764706,0.428571,-0.833333,-0.2,-0.6947369999999999,-0.8345319999999999,-0.40880500000000003,-0.710526,-0.909091,-0.6097560000000001,-0.0666667,-0.13333299999999998
48,2,-0.478261,-0.307692,-0.277778,-0.8427950000000001,-0.8461540000000001,-0.849057,-0.529412,0.14285699999999998,-0.666667,-0.342857,-0.557895,-0.681055,-0.18239,-0.236842,-0.454545,-0.317073,-0.733333,-0.933333
49,3,-0.304348,0.07692310000000001,0.138889,-0.624454,-0.626374,-0.660377,-0.42483699999999996,0.0285714,-0.5,0.28571399999999997,-0.578947,-0.597122,-0.00628931,-0.552632,-0.454545,-0.365854,-0.466667,-0.2
50,1,-0.21739099999999997,-0.07692310000000001,0.08333330000000001,-0.371179,-0.736264,-0.735849,-0.333333,-0.2,-0.5,-0.14285699999999998,-0.431579,-0.472422,-0.119497,-0.921053,-1.0,-0.512195,0.533333,0.8
53,0,0.0869565,0.692308,0.694444,0.0829694,-0.49450500000000003,-0.735849,0.281046,-0.714286,0.166667,0.428571,0.11578900000000002,0.14388499999999999,0.710692,-0.657895,-0.909091,-0.707317,-0.2,0.0666667
54,2,0.21739099999999997,-0.307692,-0.388889,-0.379913,-0.5604399999999999,-0.849057,-0.5163399999999999,-0.0285714,-0.666667,-0.4,-0.5894739999999999,-0.623501,-0.295597,-0.8421049999999999,-0.363636,-0.46341499999999997,0.733333,0.866667
55,2,0.21739099999999997,0.769231,0.777778,-0.292576,-0.868132,-0.849057,0.895425,-1.0,0.833333,0.428571,0.526316,0.851319,0.5220130000000001,-0.368421,-0.545455,0.268293,-0.733333,-0.8
56,3,-0.0869565,-0.769231,-0.277778,-0.5895199999999999,-0.692308,-0.7735850000000001,-0.72549,0.371429,-0.833333,-0.514286,-0.747368,-0.805755,-0.8742139999999999,-0.921053,-0.181818,-0.8536590000000001,0.666667,0.8
57,1,0.043478300000000004,-0.153846,0.555556,-0.20524,-0.648352,-0.735849,-0.045751599999999996,-0.428571,-0.166667,-0.257143,-0.24210500000000001,-0.213429,-0.295597,-0.815789,-0.636364,-0.6097560000000001,0.0,0.2
58,3,-0.304348,0.07692310000000001,0.22222199999999998,-0.746725,-0.824176,-0.660377,-0.41176499999999994,0.0285714,-0.5,0.2,-0.5894739999999999,-0.592326,-0.15723299999999998,-0.605263,-0.545455,-0.560976,-0.6,-0.266667
59,0,0.478261,0.538462,0.75,0.0218341,-0.582418,-0.660377,0.267974,-0.657143,0.166667,0.28571399999999997,-0.0315789,0.1247,0.295597,-0.815789,-1.0,-0.9512200000000001,0.0,0.333333
60,3,-0.478261,-0.538462,-0.22222199999999998,-0.8689959999999999,-0.8901100000000001,-0.886792,-0.79085,0.5428569999999999,-0.833333,-0.514286,-0.810526,-0.863309,-0.584906,-0.578947,-0.272727,-0.6097560000000001,-0.6,-0.6
62,0,-0.8260870000000001,-0.6153850000000001,-0.361111,-0.729258,-0.736264,-0.886792,-0.764706,0.48571400000000003,-0.833333,-0.657143,-0.8421049999999999,-0.8489209999999999,-0.622642,-0.473684,0.181818,0.0243902,-0.533333,-0.6
64,2,-0.565217,-0.307692,-0.277778,-0.545852,-0.5604399999999999,-0.811321,-0.503268,0.08571430000000001,-0.666667,-0.257143,-0.536842,-0.642686,-0.371069,-0.5,-0.636364,-0.902439,-0.6,-0.533333
66,0,-0.304348,-0.384615,-0.027777800000000002,-0.659389,-0.802198,-0.811321,-0.555556,0.14285699999999998,-0.666667,-0.457143,-0.578947,-0.681055,-0.40880500000000003,-0.552632,0.636364,-0.7560979999999999,-0.466667,-0.533333
67,2,-0.652174,-0.230769,-0.22222199999999998,-0.8165939999999999,-0.78022,-0.7735850000000001,-0.5163399999999999,0.14285699999999998,-0.666667,-0.2,-0.5894739999999999,-0.666667,-0.20754699999999998,-0.368421,-0.454545,-0.121951,-0.8,-0.8
68,0,0.0869565,0.692308,0.694444,0.00436681,-0.516484,-0.660377,0.477124,-0.771429,0.333333,0.714286,0.0631579,0.352518,0.345912,-0.605263,-0.454545,-0.317073,-0.266667,-0.0666667
74,0,-1.0,-0.692308,-0.638889,-0.938865,-0.8461540000000001,-0.849057,-0.8169930000000001,0.657143,-0.833333,-0.714286,-0.947368,-0.896882,-0.5220130000000001,-0.394737,-0.909091,-0.268293,-1.0,-0.8
75,3,-0.304348,-0.307692,0.361111,-0.624454,-0.692308,-0.660377,-0.490196,0.0285714,-0.666667,-0.228571,-0.578947,-0.630695,-0.320755,-0.657895,0.0,0.121951,-0.266667,0.2
80,2,-0.304348,-0.153846,-0.22222199999999998,-0.9213969999999999,-0.934066,-0.811321,-0.503268,0.08571430000000001,-0.666667,-0.171429,-0.568421,-0.654676,0.00628931,-0.236842,-0.454545,-0.7560979999999999,-0.8,-0.933333
82,2,0.130435,0.384615,0.44444399999999995,-0.135371,-0.604396,-0.886792,0.267974,-0.714286,0.166667,0.171429,0.0736842,0.16786600000000002,0.320755,-0.5,-0.545455,-0.46341499999999997,0.0,-0.466667
84,0,-0.7391300000000001,-0.461538,0.11111099999999999,-0.746725,-0.824176,-0.811321,-0.542484,0.2,-0.666667,-0.514286,-0.557895,-0.695444,-0.5597479999999999,-0.552632,-0.272727,0.46341499999999997,-0.666667,-0.2
85,2,-0.304348,-0.461538,0.0,-0.266376,-0.362637,-0.811321,-0.503268,0.0285714,-0.666667,-0.48571400000000003,-0.536842,-0.621103,-0.509434,-0.657895,-0.727273,-0.6097560000000001,0.13333299999999998,0.0666667
87,3,-0.304348,-0.384615,0.22222199999999998,-0.676856,-0.758242,-0.735849,-0.5163399999999999,0.08571430000000001,-0.666667,-0.228571,-0.557895,-0.64988,-0.333333,-0.657895,-0.636364,-0.121951,-0.2,0.266667
88,3,-0.434783,-0.692308,-0.44444399999999995,-0.9039299999999999,-0.8461540000000001,-0.886792,-0.9084969999999999,0.714286,-1.0,-0.6,-0.8842110000000001,-0.940048,-0.748428,-0.657895,-0.818182,-0.6097560000000001,-0.333333,-0.4
89,2,-0.21739099999999997,-0.307692,0.22222199999999998,-0.0829694,-0.384615,-0.849057,-0.228758,-0.314286,-0.5,-0.428571,-0.378947,-0.371703,-0.345912,-0.736842,-0.727273,-0.414634,0.333333,0.333333
91,1,0.347826,0.692308,0.8611110000000001,0.030567700000000003,-0.538462,-0.660377,0.385621,-0.714286,0.166667,0.571429,0.0736842,0.244604,0.509434,-0.684211,-0.727273,-0.512195,-0.2,0.2
92,0,-0.0869565,-0.6153850000000001,0.22222199999999998,-0.528384,-0.824176,-0.735849,-0.254902,-0.257143,-0.5,-0.657143,-0.305263,-0.41007200000000005,-0.42138400000000004,-0.736842,-0.181818,-0.268293,-0.0666667,-0.0666667
93,1,0.347826,0.461538,0.666667,-0.240175,-0.736264,-0.735849,0.11111099999999999,-0.6,0.0,0.14285699999999998,-0.0736842,-0.043165499999999996,0.572327,-0.710526,-0.0909091,-0.512195,0.0,0.13333299999999998
95,2,-0.5217390000000001,-0.07692310000000001,-0.277778,-0.563319,-0.604396,-0.849057,-0.568627,0.14285699999999998,-0.666667,-0.257143,-0.6,-0.693046,-0.144654,-0.631579,-0.818182,-0.8536590000000001,-0.466667,-0.533333
99,0,-0.043478300000000004,0.0,0.805556,0.00436681,-0.538462,-0.735849,0.163399,-0.6,0.0,-0.14285699999999998,-0.021052599999999998,0.00239808,0.15723299999999998,-0.736842,-0.545455,0.8536590000000001,0.0,0.4
100,2,-0.391304,-0.153846,-0.305556,-0.8253280000000001,-0.802198,-0.849057,-0.5163399999999999,0.14285699999999998,-0.666667,-0.257143,-0.578947,-0.671463,-0.22012600000000002,-0.263158,-0.636364,-0.414634,-0.8,-0.933333
101,2,-0.608696,-0.07692310000000001,-0.277778,0.292576,0.736264,0.886792,-0.529412,0.08571430000000001,-0.666667,-0.257143,0.126316,-0.6594720000000001,-0.044025199999999994,0.578947,-0.909091,-0.9512200000000001,-0.666667,-0.733333
102,3,-0.043478300000000004,-0.307692,0.25,-0.388646,-0.582418,-0.735849,-0.464052,0.0285714,-0.666667,-0.257143,-0.6,-0.609113,-0.48427700000000007,-0.8421049999999999,0.0,-0.7560979999999999,0.333333,0.533333
104,3,-0.173913,-0.6153850000000001,-0.44444399999999995,-0.772926,-0.67033,-0.886792,-0.9738559999999999,0.828571,-1.0,-0.6,-0.947368,-0.9760190000000001,-0.647799,-0.657895,0.272727,-0.7560979999999999,-0.0666667,-0.13333299999999998
105,2,0.26087,-0.07692310000000001,0.194444,-0.179039,-0.604396,-0.886792,0.0718954,-0.6,-0.166667,-0.2,0.0,-0.059952,-0.27044,-0.473684,-1.0,0.317073,0.13333299999999998,-0.333333
106,1,0.5217390000000001,0.538462,0.75,-0.14410499999999998,-0.626374,-0.698113,0.41176499999999994,-0.771429,0.333333,0.428571,-0.010526299999999999,0.263789,0.320755,-0.631579,0.0,-0.512195,-0.2,0.2
114,0,-0.347826,-0.8461540000000001,-0.722222,-0.8515280000000001,-0.758242,-0.886792,-0.9738559999999999,0.8857139999999999,-1.0,-0.8857139999999999,-0.9789469999999999,-0.980815,-0.63522,-0.605263,0.909091,-0.804878,-0.6,-0.6
115,3,-0.130435,-0.230769,0.25,-0.746725,-0.8461540000000001,-0.698113,-0.437908,0.0285714,-0.666667,0.0,-0.536842,-0.5995199999999999,-0.295597,-0.578947,0.0909091,-0.365854,-0.466667,0.0
116,3,-0.043478300000000004,0.07692310000000001,0.333333,-0.49345,-0.626374,-0.660377,-0.385621,-0.0285714,-0.5,0.11428599999999998,-0.515789,-0.551559,-0.044025199999999994,-0.684211,0.0909091,-0.365854,-0.13333299999999998,0.13333299999999998
118,1,0.565217,0.538462,0.916667,0.0218341,-0.516484,-0.622642,0.42483699999999996,-0.714286,0.333333,0.457143,0.010526299999999999,0.266187,0.295597,-0.657895,0.181818,0.365854,-0.2,0.333333
120,2,-0.130435,0.230769,0.08333330000000001,-0.33624499999999996,-0.604396,-0.811321,-0.20261400000000002,-0.371429,-0.333333,0.14285699999999998,-0.378947,-0.330935,0.06918239999999999,-0.710526,-0.545455,-0.512195,0.4,0.4
122,3,-0.26087,0.153846,0.055555600000000004,-0.668122,-0.736264,-0.660377,-0.37254899999999996,-0.0285714,-0.5,0.2,-0.5473680000000001,-0.5539569999999999,-0.044025199999999994,-0.552632,-0.0909091,-0.46341499999999997,-0.533333,-0.266667
125,3,-0.478261,-0.07692310000000001,-0.138889,-0.5982529999999999,-0.648352,-0.7735850000000001,-0.594771,0.14285699999999998,-0.666667,-0.171429,-0.568421,-0.705036,-0.119497,-0.657895,-0.818182,-0.8536590000000001,-0.266667,0.0
128,2,-0.478261,-0.384615,-0.277778,-0.554585,-0.604396,-0.245283,-0.5163399999999999,0.08571430000000001,-0.666667,-0.4,-0.5473680000000001,-0.64988,-0.42138400000000004,-0.578947,-0.454545,-0.21951199999999998,-0.466667,-0.333333
129,3,0.043478300000000004,-0.07692310000000001,0.333333,-0.39738,-0.5604399999999999,-0.698113,-0.41176499999999994,-0.0285714,-0.5,0.11428599999999998,-0.5473680000000001,-0.565947,-0.396226,-0.789474,-0.272727,-0.414634,0.0666667,0.266667
130,2,0.173913,0.153846,0.527778,-0.0829694,-0.538462,-0.811321,0.137255,-0.657143,0.0,-0.08571430000000001,-0.09473680000000001,0.00959233,0.144654,-0.631579,-0.363636,-0.46341499999999997,0.0666667,-0.13333299999999998
132,1,-0.434783,-0.769231,0.027777800000000002,-0.46724899999999997,-0.714286,-0.811321,-0.503268,0.08571430000000001,-0.666667,-0.714286,-0.536842,-0.647482,-0.72327,-0.815789,-1.0,0.560976,0.333333,0.466667
133,1,0.043478300000000004,-0.307692,0.694444,-0.28384299999999996,-0.736264,-0.735849,-0.032679700000000006,-0.428571,-0.166667,-0.428571,-0.178947,-0.215827,-0.257862,-0.789474,-0.363636,1.0,0.2,0.666667
134,3,0.0869565,-0.538462,-0.22222199999999998,-0.8515280000000001,-0.956044,-0.811321,-0.712418,0.428571,-0.833333,-0.314286,-0.642105,-0.815348,-0.685535,-0.578947,-0.636364,-0.9512200000000001,-0.333333,-0.666667
135,0,0.26087,0.6153850000000001,0.666667,-0.484716,-0.868132,-0.698113,0.320261,-0.714286,0.166667,0.571429,-0.0631579,0.16307,0.15723299999999998,-0.552632,0.0909091,0.317073,-0.266667,-0.0666667
138,3,-0.391304,-0.307692,-0.333333,-0.5982529999999999,-0.626374,-0.698113,-0.72549,0.371429,-0.833333,-0.314286,-0.715789,-0.808153,-0.371069,-0.789474,-0.363636,-0.9512200000000001,0.13333299999999998,0.333333
139,1,-0.347826,-0.692308,-0.361111,-0.772926,-0.758242,-0.886792,-0.8300649999999999,0.6,-0.833333,-0.657143,-0.8842110000000001,-0.8896879999999999,-0.5471699999999999,-0.605263,0.272727,-0.0243902,-0.466667,-0.533333
140,3,-0.21739099999999997,-0.307692,0.11111099999999999,-0.49345,-0.582418,-0.7735850000000001,-0.529412,0.0285714,-0.666667,-0.228571,-0.568421,-0.647482,-0.5220130000000001,-0.710526,-0.727273,-0.7560979999999999,-0.13333299999999998,0.2
141,1,-0.26087,-0.692308,0.11111099999999999,-0.414847,-0.758242,-0.735849,-0.41176499999999994,-0.08571430000000001,-0.5,-0.6,-0.557895,-0.546763,-0.924528,-0.973684,-0.727273,-0.121951,0.666667,0.866667
142,2,-0.652174,-0.307692,-0.361111,-0.8165939999999999,-0.824176,-0.7735850000000001,-0.5163399999999999,0.14285699999999998,-0.666667,-0.228571,-0.621053,-0.6738609999999999,-0.20754699999999998,-0.28947399999999995,-0.363636,-0.658537,-0.8,-0.933333
144,2,-0.695652,-0.230769,-0.22222199999999998,-0.8602620000000001,-0.8461540000000001,-0.7735850000000001,-0.503268,0.08571430000000001,-0.666667,-0.228571,-0.568421,-0.652278,-0.15723299999999998,-0.315789,-0.636364,-0.6097560000000001,-0.8,-0.866667
146,0,0.304348,0.6153850000000001,0.8611110000000001,-0.00436681,-0.626374,-0.622642,0.437908,-0.771429,0.333333,0.6,-0.042105300000000005,0.304556,0.132075,-0.789474,-1.0,-0.121951,-0.13333299999999998,0.266667
149,1,-0.26087,-0.230769,-0.11111099999999999,-0.406114,-0.736264,-0.7735850000000001,-0.45098,-0.08571430000000001,-0.666667,-0.257143,-0.536842,-0.5779380000000001,-0.383648,-0.947368,0.363636,-0.560976,0.8,0.866667
150,3,-0.130435,-0.769231,-0.333333,-0.46724899999999997,-0.516484,-0.7735850000000001,-0.686275,0.314286,-0.833333,-0.48571400000000003,-0.6736840000000001,-0.7721819999999999,-0.7735850000000001,-0.789474,-0.818182,0.414634,0.13333299999999998,0.533333
151,1,0.347826,0.307692,0.555556,-0.0655022,-0.604396,-0.698113,-0.0196078,-0.48571400000000003,-0.166667,0.08571430000000001,-0.189474,-0.177458,0.081761,-0.8421049999999999,-0.727273,-0.658537,0.266667,0.666667
152,2,-0.0869565,-0.153846,0.22222199999999998,-0.0218341,-0.406593,-0.849057,-0.0588235,-0.48571400000000003,-0.166667,-0.228571,-0.178947,-0.182254,-0.433962,-0.631579,-0.636364,0.0731707,0.333333,0.0666667
155,3,-0.304348,-0.461538,0.08333330000000001,-0.563319,-0.626374,-0.735849,-0.581699,0.14285699999999998,-0.666667,-0.4,-0.6,-0.695444,-0.496855,-0.684211,-0.272727,-0.658537,-0.2,0.0666667
156,2,0.608696,0.769231,0.75,0.039301300000000004,-0.626374,-0.886792,0.803922,-1.0,0.666667,0.457143,0.578947,0.784173,0.63522,-0.315789,-0.636364,-0.707317,-0.466667,-0.866667
158,3,-0.130435,-0.307692,-0.166667,-0.764192,-0.802198,-0.811321,-0.803922,0.5428569999999999,-0.833333,-0.228571,-0.726316,-0.865707,-0.45911899999999994,-0.605263,-0.545455,-0.804878,-0.13333299999999998,-0.4
159,1,-0.391304,-0.538462,-0.055555600000000004,-0.5807859999999999,-0.758242,-0.849057,-0.490196,0.0285714,-0.666667,-0.48571400000000003,-0.536842,-0.6330939999999999,-0.610063,-0.710526,-0.909091,0.6097560000000001,-0.266667,0.0
160,0,-0.21739099999999997,-0.07692310000000001,-0.027777800000000002,-0.563319,-0.78022,-0.849057,-0.503268,0.0285714,-0.666667,-0.2,-0.578947,-0.63789,-0.10691800000000001,-0.815789,0.454545,-0.902439,0.13333299999999998,0.13333299999999998
162,0,0.478261,0.461538,0.694444,-0.00436681,-0.626374,-0.660377,0.17647100000000002,-0.6,0.0,0.314286,-0.0631579,0.0215827,0.044025199999999994,-0.8421049999999999,0.545455,-0.902439,0.4,0.666667
164,1,-0.478261,-0.461538,-0.11111099999999999,-0.6943229999999999,-0.736264,-0.886792,-0.7385619999999999,0.371429,-0.833333,-0.514286,-0.6947369999999999,-0.817746,-0.48427700000000007,-0.763158,-0.727273,-0.560976,0.0,-0.0666667
166,0,0.304348,0.6153850000000001,0.416667,-0.344978,-0.78022,-0.660377,0.41176499999999994,-0.714286,0.333333,0.48571400000000003,-0.0526316,0.254197,0.119497,-0.657895,-0.909091,0.560976,-0.333333,0.13333299999999998
167,1,-0.173913,-0.769231,0.055555600000000004,-0.46724899999999997,-0.78022,-0.7735850000000001,-0.464052,-0.0285714,-0.666667,-0.714286,-0.5894739999999999,-0.604317,-0.811321,-0.973684,-0.636364,-0.0731707,0.8,1.0
168,1,0.608696,0.384615,0.777778,-0.240175,-0.78022,-0.622642,0.320261,-0.714286,0.166667,0.257143,0.010526299999999999,0.17506,0.0188679,-0.763158,0.636364,-0.902439,0.0,0.2
169,2,-0.608696,-0.07692310000000001,-0.22222199999999998,-0.6943229999999999,-0.626374,-0.849057,-0.542484,0.14285699999999998,-0.666667,-0.28571399999999997,-0.5894739999999999,-0.6738609999999999,-0.0566038,-0.44736800000000004,-1.0,-0.9512200000000001,-0.666667,-0.8
170,3,0.0869565,-0.6153850000000001,-0.166667,-0.8165939999999999,-0.8901100000000001,-0.7735850000000001,-0.764706,0.5428569999999999,-0.833333,-0.4,-0.715789,-0.858513,-0.710692,-0.605263,-1.0,-0.365854,-0.333333,-0.733333
172,2,0.434783,0.6153850000000001,0.75,-0.502183,-1.0,-0.924528,0.764706,-0.942857,0.666667,0.371429,0.431579,0.697842,0.672956,-0.315789,-0.636364,-0.46341499999999997,-0.666667,-0.866667
174,2,0.0,0.230769,0.611111,-0.275109,-0.736264,-0.849057,0.320261,-0.714286,0.166667,-0.0285714,0.0315789,0.189448,0.27044,-0.526316,-0.272727,0.365854,-0.2,-0.466667
175,3,-0.130435,0.153846,0.22222199999999998,-0.5982529999999999,-0.648352,-0.660377,-0.42483699999999996,0.0285714,-0.5,0.342857,-0.568421,-0.592326,-0.00628931,-0.631579,-0.272727,-0.268293,-0.4,-0.0666667
176,2,-0.347826,-0.461538,0.055555600000000004,-0.28384299999999996,-0.428571,-0.849057,-0.39869299999999996,-0.14285699999999998,-0.5,-0.5428569999999999,-0.42105299999999996,-0.532374,-0.509434,-0.631579,-0.909091,-0.46341499999999997,0.13333299999999998,0.0666667
178,2,-0.304348,-0.153846,-0.11111099999999999,-0.510917,-0.582418,-0.811321,-0.581699,0.14285699999999998,-0.666667,-0.171429,-0.621053,-0.693046,-0.245283,-0.736842,0.0,-0.9512200000000001,0.0,0.13333299999999998
180,3,-0.304348,-0.153846,-0.166667,-0.7117899999999999,-0.758242,-0.849057,-0.686275,0.314286,-0.833333,-0.2,-0.6,-0.786571,-0.283019,-0.5,-0.0909091,-0.8536590000000001,-0.333333,-0.6
181,1,0.26087,0.6153850000000001,0.833333,0.0218341,-0.538462,-0.660377,0.24183000000000002,-0.657143,0.166667,0.314286,0.0315789,0.088729,0.622642,-0.684211,-1.0,0.268293,-0.13333299999999998,0.266667
184,1,-0.5217390000000001,-0.8461540000000001,-0.638889,-0.8427950000000001,-0.78022,-0.924528,-0.9477120000000001,0.8857139999999999,-1.0,-0.857143,-0.947368,-0.971223,-0.7610060000000001,-0.552632,-0.0909091,0.317073,-0.533333,-0.4
185,1,0.304348,0.0,0.833333,-0.0829694,-0.582418,-0.698113,0.18954200000000002,-0.6,0.0,-0.11428599999999998,-0.08421050000000001,0.0263789,0.27044,-0.710526,-0.181818,-0.512195,0.0,0.2
187,2,-0.21739099999999997,-0.307692,0.138889,-0.22270700000000002,-0.516484,-0.886792,-0.254902,-0.314286,-0.5,-0.457143,-0.431579,-0.40048,-0.40880500000000003,-0.763158,-0.727273,0.121951,0.466667,0.533333
194,2,0.478261,0.692308,0.611111,-0.17030599999999999,-0.736264,-0.811321,0.673203,-0.942857,0.5,0.428571,0.347368,0.6354920000000001,0.710692,-0.44736800000000004,-0.727273,-0.9512200000000001,-0.333333,-0.8
199,2,-0.652174,0.0,-0.138889,-0.772926,-0.802198,-0.811321,-0.464052,0.0285714,-0.666667,-0.11428599999999998,-0.557895,-0.621103,0.031446499999999995,-0.42105299999999996,-0.727273,-0.317073,-0.733333,-0.666667
201,3,-0.130435,0.07692310000000001,0.25,-0.484716,-0.582418,-0.660377,-0.42483699999999996,0.0285714,-0.5,0.14285699999999998,-0.557895,-0.589928,-0.132075,-0.605263,-0.363636,-0.268293,-0.533333,-0.0666667
202,1,-0.26087,-0.769231,-0.055555600000000004,-0.414847,-0.714286,-0.7735850000000001,-0.41176499999999994,-0.08571430000000001,-0.666667,-0.714286,-0.505263,-0.5611510000000001,-0.8238989999999999,-0.947368,-0.454545,0.0243902,0.4,0.533333
203,0,0.652174,0.6153850000000001,0.75,-0.414847,-0.934066,-0.660377,0.42483699999999996,-0.771429,0.333333,0.5428569999999999,0.021052599999999998,0.302158,0.15723299999999998,-0.736842,0.363636,-0.707317,-0.0666667,0.13333299999999998
207,0,-0.173913,0.0,0.08333330000000001,-0.371179,-0.626374,-0.7735850000000001,-0.346405,-0.14285699999999998,-0.5,-0.11428599999999998,-0.442105,-0.49160699999999996,-0.132075,-0.789474,-0.818182,-0.512195,0.0,0.13333299999999998
209,2,-0.434783,0.0,-0.166667,-0.6069869999999999,-0.604396,-0.7735850000000001,-0.5163399999999999,0.08571430000000001,-0.666667,-0.2,-0.578947,-0.647482,-0.044025199999999994,-0.526316,-0.454545,-0.707317,-0.533333,-0.533333
211,0,-0.0869565,-0.538462,0.361111,-0.21397399999999997,-0.67033,-0.735849,-0.21568600000000002,-0.314286,-0.333333,-0.514286,-0.35789499999999996,-0.376499,-0.849057,-0.8947370000000001,-0.636364,0.121951,0.666667,0.866667
213,2,-0.26087,-0.384615,-0.138889,-0.43231400000000003,-0.538462,-0.811321,-0.503268,0.0285714,-0.666667,-0.428571,-0.526316,-0.6354920000000001,-0.396226,-0.684211,-0.727273,-0.121951,0.0666667,0.0666667
214,2,0.347826,0.230769,0.361111,-0.44104799999999994,-0.8461540000000001,-0.924528,0.30719,-0.714286,0.166667,0.0,0.13684200000000002,0.194245,0.119497,-0.5,-0.909091,0.121951,-0.0666667,-0.466667
217,1,-0.5217390000000001,-0.153846,0.027777800000000002,-0.5982529999999999,-0.736264,-0.886792,-0.477124,0.0285714,-0.666667,-0.28571399999999997,-0.526316,-0.6163069999999999,-0.144654,-0.526316,-0.272727,-0.902439,-0.533333,-0.6
219,2,-0.565217,-0.153846,-0.22222199999999998,-0.650655,-0.692308,-0.7735850000000001,-0.542484,0.08571430000000001,-0.666667,-0.28571399999999997,-0.578947,-0.661871,-0.10691800000000001,-0.605263,-0.909091,-0.9512200000000001,-0.4,-0.333333
220,3,-0.478261,-0.538462,-0.527778,-0.80786,-0.802198,-0.849057,-0.9738559999999999,0.828571,-1.0,-0.514286,-0.957895,-0.973621,-0.5471699999999999,-0.8684209999999999,0.545455,-0.658537,0.4,0.4
221,0,0.130435,0.692308,0.694444,-0.10917,-0.67033,-0.584906,0.437908,-0.771429,0.333333,0.771429,0.0,0.290168,0.308176,-0.684211,-0.818182,-0.8536590000000001,-0.333333,0.0
224,2,-0.652174,-0.153846,-0.11111099999999999,-0.6943229999999999,-0.714286,-0.849057,-0.464052,0.0285714,-0.666667,-0.2,-0.473684,-0.609113,-0.132075,-0.42105299999999996,-0.909091,-0.268293,-0.6,-0.666667
225,1,-0.434783,-0.384615,-0.277778,-0.746725,-0.802198,-0.849057,-0.686275,0.314286,-0.833333,-0.48571400000000003,-0.736842,-0.784173,-0.333333,-0.605263,-0.545455,-0.317073,-0.533333,-0.466667
226,3,-0.130435,-0.384615,0.08333330000000001,-0.519651,-0.648352,-0.7735850000000001,-0.581699,0.14285699999999998,-0.666667,-0.08571430000000001,-0.631579,-0.70024,-0.685535,-0.789474,-0.636364,-0.560976,0.266667,0.466667
227,1,0.478261,0.6153850000000001,0.611111,-0.0742358,-0.582418,-0.660377,0.385621,-0.714286,0.166667,0.457143,-0.042105300000000005,0.247002,0.345912,-0.684211,0.272727,-1.0,-0.2,0.0666667
230,1,-0.434783,-0.384615,-0.333333,-0.615721,-0.692308,-0.886792,-0.503268,0.08571430000000001,-0.666667,-0.428571,-0.631579,-0.642686,-0.194969,-0.44736800000000004,-0.545455,-0.6097560000000001,-0.6,-0.733333
231,3,-0.478261,-0.8461540000000001,-0.805556,-0.9475979999999999,-0.824176,-0.9622639999999999,-0.9346409999999999,0.771429,-1.0,-0.8857139999999999,-0.936842,-0.9544360000000001,-0.622642,-0.21052600000000002,-0.545455,-0.560976,-0.733333,-0.8
233,2,-0.652174,-0.153846,-0.22222199999999998,-0.8602620000000001,-0.868132,-0.849057,-0.490196,0.08571430000000001,-0.666667,-0.171429,-0.578947,-0.642686,-0.132075,-0.28947399999999995,-0.636364,-0.7560979999999999,-0.8,-0.866667
237,2,0.0,-0.692308,-0.055555600000000004,-0.17030599999999999,-0.406593,-0.886792,-0.30719,-0.257143,-0.5,-0.714286,-0.389474,-0.43645100000000003,-0.660377,-0.657895,-0.909091,-0.8536590000000001,0.333333,0.266667
239,0,0.173913,0.692308,0.694444,-0.257642,-0.78022,-0.698113,0.437908,-0.771429,0.333333,0.685714,0.0,0.311751,0.283019,-0.684211,-0.363636,-0.170732,-0.2,0.0666667
241,0,-0.304348,-0.769231,0.027777800000000002,-0.406114,-0.67033,-0.7735850000000001,-0.41176499999999994,-0.08571430000000001,-0.666667,-0.8,-0.536842,-0.5611510000000001,-0.7861640000000001,-0.8947370000000001,-0.545455,0.0731707,0.466667,0.6
243,2,-0.478261,-0.307692,-0.47222200000000003,-0.755459,-0.758242,-0.811321,-0.5163399999999999,0.14285699999999998,-0.666667,-0.257143,-0.621053,-0.6738609999999999,-0.20754699999999998,-0.368421,-0.272727,-0.804878,-0.8,-0.933333
244,1,0.21739099999999997,0.692308,0.8888889999999999,0.0829694,-0.516484,-0.622642,0.346405,-0.714286,0.166667,0.428571,0.042105300000000005,0.199041,0.320755,-0.684211,-0.818182,-0.21951199999999998,-0.2,0.2
245,3,-0.478261,0.07692310000000001,-0.027777800000000002,-0.8515280000000001,-0.868132,-0.735849,-0.41176499999999994,0.0285714,-0.5,0.342857,-0.6,-0.582734,-0.15723299999999998,-0.526316,-0.909091,-0.658537,-0.6,-0.333333
247,2,-0.043478300000000004,-0.769231,-0.08333330000000001,-0.240175,-0.428571,-0.849057,-0.42483699999999996,-0.14285699999999998,-0.666667,-0.771429,-0.431579,-0.544365,-0.811321,-0.684211,-0.818182,-0.0731707,0.533333,0.533333
249,0,0.304348,0.692308,0.75,-0.0655022,-0.604396,-0.660377,0.30719,-0.714286,0.166667,0.342857,0.042105300000000005,0.17266199999999998,0.7610060000000001,-0.657895,-0.545455,-0.21951199999999998,-0.2,0.0
250,1,-0.478261,-0.923077,-0.638889,-0.799127,-0.758242,-0.849057,-0.9477120000000001,0.828571,-1.0,-0.914286,-0.926316,-0.968825,-0.7735850000000001,-0.710526,-0.727273,-0.0243902,-0.4,-0.466667
251,3,-0.043478300000000004,-0.6153850000000001,-0.277778,-0.80786,-0.8901100000000001,-0.7735850000000001,-0.72549,0.48571400000000003,-0.833333,-0.371429,-0.705263,-0.8345319999999999,-0.610063,-0.5,0.0,-0.6097560000000001,-0.466667,-0.866667
253,3,-0.5217390000000001,-0.153846,0.11111099999999999,-0.6855899999999999,-0.758242,-0.660377,-0.42483699999999996,0.0285714,-0.5,0.11428599999999998,-0.621053,-0.604317,-0.15723299999999998,-0.605263,-0.545455,-0.170732,-0.533333,-0.2
257,1,-0.21739099999999997,-0.769231,0.027777800000000002,-0.537118,-0.802198,-0.811321,-0.437908,-0.08571430000000001,-0.666667,-0.771429,-0.505263,-0.5755399999999999,-0.8238989999999999,-0.8421049999999999,-0.272727,-0.268293,0.266667,0.333333
260,0,0.0869565,0.923077,0.694444,-0.09170310000000001,-0.604396,-0.622642,0.490196,-0.771429,0.333333,0.828571,0.0,0.352518,0.345912,-0.684211,-0.454545,-0.9512200000000001,-0.4,0.0
266,2,-0.695652,-0.07692310000000001,-0.138889,-0.790393,-0.802198,-0.811321,-0.490196,0.08571430000000001,-0.666667,-0.171429,-0.568421,-0.6330939999999999,-0.15723299999999998,-0.473684,-0.727273,-0.21951199999999998,-0.666667,-0.6
270,3,-0.565217,-0.692308,-0.388889,-0.9213969999999999,-0.868132,-0.849057,-0.869281,0.657143,-1.0,-0.685714,-0.863158,-0.918465,-0.672956,-0.473684,-1.0,-0.658537,-0.666667,-0.733333
271,2,-0.608696,-0.07692310000000001,-0.22222199999999998,-0.5982529999999999,-0.516484,-0.886792,-0.529412,0.08571430000000001,-0.666667,-0.257143,-0.5894739999999999,-0.6690649999999999,-0.0566038,-0.44736800000000004,-0.545455,-1.0,-0.666667,-0.8
272,1,-0.130435,0.07692310000000001,0.333333,-0.161572,-0.582418,-0.811321,-0.20261400000000002,-0.314286,-0.333333,-0.057142899999999996,-0.29473699999999997,-0.35731399999999996,0.20754699999999998,-0.815789,-1.0,-0.8536590000000001,0.266667,0.4
274,3,0.0,-0.07692310000000001,0.11111099999999999,-0.49345,-0.648352,-0.735849,-0.555556,0.14285699999999998,-0.666667,-0.14285699999999998,-0.6736840000000001,-0.683453,-0.345912,-0.8684209999999999,-0.545455,-0.512195,0.533333,0.733333
275,2,0.478261,0.8461540000000001,0.833333,-0.344978,-0.9120879999999999,-0.7735850000000001,0.895425,-1.0,0.833333,0.5428569999999999,0.526316,0.8465229999999999,0.5471699999999999,-0.368421,-0.818182,-0.0243902,-0.666667,-0.8
276,2,-0.391304,-0.153846,-0.166667,-0.344978,-0.384615,-0.849057,-0.555556,0.08571430000000001,-0.666667,-0.342857,-0.610526,-0.6594720000000001,-0.132075,-0.736842,-0.454545,-0.9512200000000001,0.2,0.333333
278,0,-0.434783,-0.384615,-0.277778,-0.781659,-0.824176,-0.811321,-0.699346,0.371429,-0.833333,-0.48571400000000003,-0.747368,-0.803357,-0.295597,-0.605263,-0.727273,-0.804878,-0.733333,-0.6
279,1,0.565217,0.6153850000000001,0.916667,0.0567686,-0.538462,-0.660377,0.333333,-0.714286,0.166667,0.457143,0.010526299999999999,0.177458,0.295597,-0.763158,0.0,0.560976,-0.13333299999999998,0.4
283,2,-0.434783,0.0,-0.08333330000000001,-0.8165939999999999,-0.78022,-0.849057,-0.490196,0.08571430000000001,-0.666667,-0.171429,-0.578947,-0.640288,-0.00628931,-0.394737,-0.181818,-0.46341499999999997,-0.733333,-0.8
287,2,-0.565217,-0.384615,-0.166667,-0.554585,-0.604396,-0.811321,-0.581699,0.14285699999999998,-0.666667,-0.342857,-0.6,-0.70024,-0.5220130000000001,-0.684211,-0.636364,-0.414634,-0.2,-0.0666667
289,0,0.0,0.07692310000000001,0.75,-0.030567700000000003,-0.516484,-0.698113,0.150327,-0.6,0.0,-0.171429,-0.0526316,-0.00719424,0.144654,-0.631579,-0.454545,-0.707317,-0.266667,-0.13333299999999998
291,3,0.0869565,-0.6153850000000001,-0.277778,-0.772926,-0.824176,-0.811321,-0.764706,0.428571,-0.833333,-0.428571,-0.684211,-0.8393290000000001,-0.8238989999999999,-0.736842,-0.727273,-0.414634,0.0,-0.13333299999999998
292,3,-0.304348,-0.07692310000000001,0.138889,0.240175,0.20879099999999998,0.5471699999999999,-0.437908,0.0285714,-0.5,0.2,-0.263158,-0.609113,-0.144654,-0.18421099999999999,-0.181818,-0.170732,-0.533333,-0.266667
294,3,-0.130435,-0.769231,-0.361111,-0.6943229999999999,-0.78022,-0.7735850000000001,-0.7385619999999999,0.371429,-0.833333,-0.48571400000000003,-0.705263,-0.817746,-0.849057,-0.789474,-0.727273,0.317073,0.13333299999999998,0.333333
295,2,0.565217,0.692308,0.722222,-0.43231400000000003,-0.9120879999999999,-0.849057,0.686275,-0.942857,0.5,0.342857,0.42105299999999996,0.645084,0.735849,-0.342105,-0.0909091,-0.46341499999999997,-0.466667,-0.866667
296,2,-0.26087,-0.6153850000000001,-0.027777800000000002,-0.475983,-0.626374,-0.811321,-0.490196,-0.0285714,-0.666667,-0.628571,-0.6,-0.613909,-0.622642,-0.815789,-1.0,-1.0,0.266667,0.533333
297,2,0.0869565,0.461538,0.277778,-0.100437,-0.516484,-0.886792,0.045751599999999996,-0.6,-0.166667,0.228571,-0.13684200000000002,-0.0743405,0.40880500000000003,-0.578947,-0.636364,-0.707317,0.2,-0.0666667
298,1,-0.608696,-0.692308,-0.277778,-0.80786,-0.8461540000000001,-0.811321,-0.7385619999999999,0.48571400000000003,-0.833333,-0.742857,-0.810526,-0.83693,-0.584906,-0.657895,0.545455,-0.658537,-0.533333,-0.6
299,1,-0.21739099999999997,-0.461538,0.611111,-0.23144099999999998,-0.626374,-0.735849,-0.150327,-0.314286,-0.333333,-0.514286,-0.326316,-0.326139,-0.295597,-0.815789,-0.181818,0.707317,0.266667,0.6
300,2,0.0869565,-0.461538,0.027777800000000002,-0.414847,-0.692308,-0.849057,-0.21568600000000002,-0.371429,-0.333333,-0.4,-0.29473699999999997,-0.34532399999999996,-0.597484,-0.657895,-0.636364,-0.170732,0.533333,0.333333
304,3,-0.304348,-0.769231,-0.22222199999999998,-0.6069869999999999,-0.714286,-0.7735850000000001,-0.72549,0.371429,-0.833333,-0.5428569999999999,-0.757895,-0.805755,-0.8742139999999999,-0.921053,-0.454545,-0.121951,0.666667,0.866667
305,2,-0.478261,-0.07692310000000001,-0.166667,-0.772926,-0.758242,-0.7735850000000001,-0.490196,0.08571430000000001,-0.666667,-0.2,-0.568421,-0.640288,-0.0188679,-0.473684,-0.818182,-0.7560979999999999,-0.666667,-0.666667
306,2,-0.434783,-0.07692310000000001,-0.08333330000000001,-0.5807859999999999,-0.648352,-0.849057,-0.5163399999999999,0.0285714,-0.666667,-0.228571,-0.578947,-0.63789,-0.15723299999999998,-0.684211,-0.454545,-0.9512200000000001,-0.13333299999999998,0.0
308,0,0.478261,0.461538,0.75,-0.28384299999999996,-0.78022,-0.660377,0.333333,-0.714286,0.166667,0.257143,-0.08421050000000001,0.179856,0.00628931,-0.815789,-0.454545,-0.7560979999999999,-0.13333299999999998,0.13333299999999998
314,0,0.0,0.461538,0.777778,0.030567700000000003,-0.5604399999999999,-0.735849,0.12418299999999999,-0.6,0.0,0.28571399999999997,-0.08421050000000001,-0.028776999999999997,0.47169799999999995,-0.789474,0.0909091,-0.0243902,0.0666667,0.333333
320,2,0.26087,0.384615,0.44444399999999995,-0.21397399999999997,-0.714286,-0.849057,0.41176499999999994,-0.771429,0.333333,0.257143,0.231579,0.311751,0.257862,-0.44736800000000004,-0.363636,-0.658537,-0.2,-0.666667
322,2,0.7391300000000001,0.8461540000000001,0.916667,-0.21397399999999997,-0.802198,-0.849057,0.9346409999999999,-1.0,0.833333,0.628571,0.663158,0.9136690000000001,0.91195,-0.315789,0.0,0.0243902,-0.6,-0.866667
327,0,0.434783,0.230769,0.555556,-0.152838,-0.692308,-0.698113,-0.09803919999999999,-0.428571,-0.333333,0.14285699999999998,-0.29473699999999997,-0.25659499999999996,-0.10691800000000001,-0.921053,0.727273,-0.268293,0.733333,0.866667
328,0,-0.304348,-0.153846,0.166667,-0.7205239999999999,-0.8461540000000001,-0.849057,-0.5163399999999999,0.08571430000000001,-0.666667,-0.257143,-0.578947,-0.645084,-0.257862,-0.763158,-0.0909091,-0.317073,-0.2,-0.2
329,3,-0.130435,-0.230769,0.333333,-0.42358100000000004,-0.582418,-0.735849,-0.503268,0.08571430000000001,-0.666667,-0.171429,-0.642105,-0.640288,-0.572327,-0.8421049999999999,-0.818182,-0.170732,0.333333,0.666667
330,1,-0.304348,-0.6153850000000001,0.11111099999999999,-0.43231400000000003,-0.736264,-0.811321,-0.359477,-0.14285699999999998,-0.5,-0.628571,-0.410526,-0.508393,-0.647799,-0.763158,-0.545455,-0.268293,0.0666667,0.0666667
333,0,0.130435,0.8461540000000001,0.916667,0.0131004,-0.582418,-0.660377,0.42483699999999996,-0.771429,0.333333,0.657143,0.09473680000000001,0.297362,0.597484,-0.710526,-0.0909091,0.21951199999999998,-0.2,0.266667
335,2,0.478261,0.8461540000000001,0.722222,-0.30130999999999997,-0.824176,-0.811321,0.594771,-0.8857139999999999,0.5,0.514286,0.189474,0.529976,0.509434,-0.526316,-0.363636,-0.46341499999999997,-0.266667,-0.6
336,1,0.565217,0.6153850000000001,0.75,-0.117904,-0.648352,-0.660377,0.437908,-0.771429,0.333333,0.628571,0.042105300000000005,0.28537199999999996,0.308176,-0.684211,-0.454545,-0.317073,-0.266667,0.266667
337,3,-0.304348,-0.153846,0.0,-0.8165939999999999,-0.8461540000000001,-0.698113,-0.42483699999999996,0.0285714,-0.5,-0.057142899999999996,-0.652632,-0.597122,-0.15723299999999998,-0.552632,0.0909091,-0.414634,-0.466667,-0.2
343,1,-0.565217,-0.692308,-0.611111,-0.764192,-0.692308,-0.924528,-0.699346,0.371429,-0.833333,-0.742857,-0.768421,-0.791367,-0.597484,-0.315789,-0.727273,-0.707317,-0.733333,-0.866667
349,3,-0.043478300000000004,-0.153846,0.22222199999999998,-0.528384,-0.67033,-0.698113,-0.568627,0.14285699999999998,-0.666667,-0.14285699999999998,-0.652632,-0.693046,-0.283019,-0.8684209999999999,-0.0909091,-0.707317,0.533333,0.666667
350,0,-0.304348,-0.461538,-0.194444,-0.624454,-0.758242,-0.849057,-0.7385619999999999,0.371429,-0.833333,-0.457143,-0.736842,-0.817746,-0.47169799999999995,-0.947368,0.454545,-0.707317,0.8,0.866667
351,0,0.043478300000000004,0.0,0.694444,-0.0742358,-0.582418,-0.7735850000000001,0.045751599999999996,-0.48571400000000003,-0.166667,-0.057142899999999996,-0.178947,-0.131894,-0.245283,-0.815789,-0.909091,0.560976,0.0,0.266667
353,3,-0.21739099999999997,0.0,0.055555600000000004,-0.615721,-0.692308,-0.735849,-0.542484,0.08571430000000001,-0.666667,-0.0285714,-0.6,-0.666667,0.132075,-0.710526,0.181818,-0.46341499999999997,-0.13333299999999998,0.266667
354,2,-0.652174,0.07692310000000001,-0.194444,-0.633188,-0.626374,-0.849057,-0.490196,0.0285714,-0.666667,-0.171429,-0.568421,-0.625899,0.081761,-0.578947,-0.545455,-1.0,-0.533333,-0.533333
355,1,0.0869565,0.307692,0.388889,-0.23144099999999998,-0.648352,-0.735849,-0.150327,-0.371429,-0.333333,0.057142899999999996,-0.315789,-0.30935300000000004,0.10691800000000001,-0.8421049999999999,-0.0909091,-0.9512200000000001,0.13333299999999998,0.333333
357,2,-0.21739099999999997,-0.07692310000000001,0.0,-0.414847,-0.516484,-0.811321,-0.503268,0.0285714,-0.666667,-0.257143,-0.578947,-0.625899,-0.119497,-0.736842,0.0909091,-0.9512200000000001,0.266667,0.333333
360,0,0.173913,0.230769,0.555556,-0.10917,-0.648352,-0.735849,-0.032679700000000006,-0.48571400000000003,-0.166667,0.08571430000000001,-0.24210500000000001,-0.196643,-0.15723299999999998,-0.921053,-0.727273,-0.7560979999999999,0.4,0.6
363,1,-0.043478300000000004,0.07692310000000001,0.138889,-0.371179,-0.736264,-0.811321,-0.267974,-0.257143,-0.5,-0.0285714,-0.305263,-0.422062,-0.044025199999999994,-0.789474,-0.636364,-0.804878,0.0,0.13333299999999998
368,1,-0.608696,-0.692308,-0.47222200000000003,-0.737991,-0.648352,-0.811321,-0.699346,0.428571,-0.833333,-0.714286,-0.7789470000000001,-0.808153,-0.572327,-0.394737,0.0,0.170732,-0.8,-0.733333
369,2,-0.5217390000000001,-0.07692310000000001,-0.22222199999999998,-0.615721,-0.626374,-0.849057,-0.555556,0.14285699999999998,-0.666667,-0.314286,-0.6,-0.681055,-0.10691800000000001,-0.578947,-0.545455,-0.9512200000000001,-0.533333,-0.6
371,2,0.0,-0.384615,0.027777800000000002,-0.36244499999999996,-0.626374,-0.886792,-0.150327,-0.428571,-0.333333,-0.5428569999999999,-0.21052600000000002,-0.278177,-0.509434,-0.605263,-1.0,-0.804878,0.333333,0.13333299999999998
374,2,0.0,0.07692310000000001,0.027777800000000002,-0.126638,-0.450549,-0.849057,-0.281046,-0.314286,-0.5,-0.08571430000000001,-0.389474,-0.41247,-0.081761,-0.736842,-0.454545,-0.21951199999999998,0.533333,0.466667
375,3,-0.391304,-0.769231,-0.638889,-0.8864629999999999,-0.758242,-0.924528,-0.9215690000000001,0.771429,-1.0,-0.8,-0.915789,-0.9496399999999999,-0.63522,-0.315789,-0.181818,-0.268293,-0.733333,-0.866667
376,2,0.565217,0.461538,0.527778,-0.257642,-0.758242,-0.924528,0.503268,-0.828571,0.333333,0.14285699999999998,0.389474,0.41966400000000004,0.358491,-0.394737,-1.0,-0.0731707,-0.266667,-0.666667
378,1,-0.391304,-0.692308,-0.44444399999999995,-0.755459,-0.78022,-0.849057,-0.79085,0.48571400000000003,-0.833333,-0.685714,-0.747368,-0.858513,-0.710692,-0.684211,-0.909091,-0.317073,-0.333333,-0.266667
380,0,0.391304,0.769231,0.611111,-0.0829694,-0.626374,-0.660377,0.37254899999999996,-0.714286,0.166667,0.571429,0.0,0.227818,0.345912,-0.657895,-0.818182,-0.0731707,-0.2,0.2
384,0,0.173913,0.384615,0.916667,0.0480349,-0.5604399999999999,-0.735849,0.37254899999999996,-0.771429,0.166667,0.257143,0.13684200000000002,0.247002,0.22012600000000002,-0.657895,-0.454545,-0.121951,-0.13333299999999998,0.2
386,3,-0.0869565,0.230769,0.305556,-0.519651,-0.626374,-0.698113,-0.41176499999999994,-0.0285714,-0.5,0.14285699999999998,-0.48421099999999995,-0.570743,0.18239,-0.578947,-0.636364,-1.0,-0.533333,-0.13333299999999998
388,3,-0.26087,0.07692310000000001,0.25,-0.641921,-0.758242,-0.735849,-0.477124,0.0285714,-0.666667,0.057142899999999996,-0.526316,-0.613909,-0.0566038,-0.631579,-0.636364,-0.902439,-0.333333,0.0666667
389,3,-0.0869565,0.07692310000000001,0.25,1.0,1.0,0.7735850000000001,-0.437908,-0.0285714,-0.666667,0.057142899999999996,1.0,-0.592326,-0.0188679,1.0,0.0909091,-0.560976,-0.2,0.0
394,2,-0.434783,0.07692310000000001,-0.027777800000000002,-0.46724899999999997,-0.538462,-0.849057,-0.45098,-0.0285714,-0.666667,-0.2,-0.515789,-0.58753,0.0188679,-0.605263,-0.363636,-0.8536590000000001,-0.2,-0.13333299999999998
395,1,-0.26087,0.230769,0.194444,-0.275109,-0.648352,-0.811321,-0.163399,-0.371429,-0.333333,0.0285714,-0.21052600000000002,-0.321343,0.42138400000000004,-0.710526,-0.909091,-0.902439,-0.13333299999999998,-0.0666667
397,2,0.5217390000000001,0.8461540000000001,0.833333,-0.36244499999999996,-0.9120879999999999,-0.886792,0.882353,-1.0,0.833333,0.48571400000000003,0.631579,0.8753,0.91195,-0.263158,0.0,-0.902439,-0.6,-1.0
399,2,0.0869565,-0.6153850000000001,-0.166667,-0.28384299999999996,-0.538462,-0.849057,-0.320261,-0.257143,-0.5,-0.48571400000000003,-0.378947,-0.45083900000000005,-0.748428,-0.684211,-0.727273,-0.170732,0.6,0.466667
401,1,0.478261,0.538462,0.8888889999999999,-0.0480349,-0.626374,-0.622642,0.228758,-0.657143,0.0,0.28571399999999997,-0.09473680000000001,0.0623501,0.169811,-0.8421049999999999,0.909091,0.0731707,0.2,0.6
404,3,0.0,-0.538462,0.027777800000000002,-0.510917,-0.67033,-0.7735850000000001,-0.633987,0.2,-0.833333,-0.08571430000000001,-0.6736840000000001,-0.736211,-0.811321,-0.921053,0.363636,-0.8536590000000001,0.666667,0.8
405,0,0.304348,0.153846,0.694444,-0.126638,-0.67033,-0.622642,0.150327,-0.6,0.0,0.14285699999999998,-0.10526300000000001,-0.014388499999999999,-0.308176,-0.815789,-0.272727,0.0731707,0.0666667,0.4
406,2,-0.347826,-0.461538,-0.08333330000000001,-0.39738,-0.538462,-0.811321,-0.503268,0.0285714,-0.666667,-0.457143,-0.536842,-0.623501,-0.47169799999999995,-0.736842,-0.818182,-0.0243902,0.333333,0.266667
409,2,-0.434783,-0.07692310000000001,-0.138889,-0.554585,-0.582418,-0.811321,-0.555556,0.08571430000000001,-0.666667,-0.257143,-0.610526,-0.6690649999999999,-0.15723299999999998,-0.657895,-0.545455,-0.707317,-0.13333299999999998,0.0
410,1,-0.434783,-0.6153850000000001,0.277778,-0.379913,-0.714286,-0.735849,-0.24183000000000002,-0.257143,-0.333333,-0.5428569999999999,-0.35789499999999996,-0.402878,-0.63522,-0.763158,-0.909091,0.365854,0.0,0.2
411,1,-0.304348,-0.07692310000000001,0.027777800000000002,-0.266376,-0.626374,-0.735849,-0.359477,-0.14285699999999998,-0.5,-0.057142899999999996,-0.368421,-0.505995,-0.18239,-0.815789,-0.636364,-0.902439,0.2,0.333333
413,2,-0.695652,-0.230769,-0.138889,-0.746725,-0.714286,-0.811321,-0.503268,0.08571430000000001,-0.666667,-0.2,-0.578947,-0.64988,-0.15723299999999998,-0.42105299999999996,-0.454545,-0.268293,-0.733333,-0.8
414,0,-0.347826,-0.769231,0.055555600000000004,-0.510917,-0.67033,-0.849057,-0.633987,0.257143,-0.833333,-0.857143,-0.6736840000000001,-0.752998,-0.748428,-0.815789,-0.636364,0.707317,0.2,0.4
415,3,-0.478261,-0.07692310000000001,0.166667,-0.746725,-0.802198,-0.660377,-0.385621,-0.0285714,-0.5,0.08571430000000001,-0.578947,-0.573141,-0.194969,-0.552632,-0.0909091,0.0243902,-0.533333,-0.2
417,2,-0.304348,-0.153846,-0.166667,-0.528384,-0.626374,-0.849057,-0.620915,0.2,-0.833333,-0.28571399999999997,-0.642105,-0.724221,-0.194969,-0.815789,-0.181818,-0.46341499999999997,0.13333299999999998,0.2
421,3,0.0,-0.538462,-0.5,-0.8864629999999999,-0.9120879999999999,-0.849057,-0.72549,0.48571400000000003,-0.833333,-0.4,-0.747368,-0.829736,-0.48427700000000007,-0.28947399999999995,-0.454545,-1.0,-0.666667,-0.933333
423,1,-0.26087,-0.923077,-0.277778,-0.528384,-0.736264,-0.811321,-0.633987,0.2,-0.833333,-0.828571,-0.631579,-0.726619,-0.8993709999999999,-0.947368,-0.909091,-0.8536590000000001,0.666667,0.733333
424,2,-0.478261,-0.07692310000000001,-0.166667,-0.8602620000000001,-0.8461540000000001,-0.811321,-0.5163399999999999,0.08571430000000001,-0.666667,-0.228571,-0.5894739999999999,-0.6594720000000001,-0.031446499999999995,-0.42105299999999996,-0.272727,-0.804878,-0.666667,-0.8
425,0,-0.21739099999999997,-0.384615,0.47222200000000003,-0.187773,-0.604396,-0.735849,-0.0718954,-0.428571,-0.333333,-0.457143,-0.24210500000000001,-0.232614,-0.44654099999999997,-0.815789,0.0,0.170732,0.13333299999999998,0.266667
426,0,-0.304348,-0.769231,-0.194444,-0.668122,-0.78022,-0.811321,-0.699346,0.371429,-0.833333,-0.771429,-0.747368,-0.803357,-0.7610060000000001,-0.815789,-0.727273,0.7560979999999999,0.13333299999999998,0.466667
429,1,0.695652,0.307692,0.777778,-0.187773,-0.758242,-0.660377,0.254902,-0.657143,0.166667,0.171429,-0.021052599999999998,0.0911271,-0.031446499999999995,-0.789474,0.363636,0.0731707,0.0,0.4
430,3,-0.5217390000000001,-0.692308,-0.166667,-0.641921,-0.67033,-0.735849,-0.686275,0.257143,-0.833333,-0.5428569999999999,-0.6947369999999999,-0.769784,-0.610063,-0.763158,0.0,-0.560976,0.2,0.4
431,1,0.347826,0.538462,0.8888889999999999,-0.10917,-0.692308,-0.660377,0.37254899999999996,-0.714286,0.166667,0.428571,0.010526299999999999,0.22302199999999997,0.257862,-0.789474,-1.0,-0.560976,-0.2,0.333333
432,2,0.130435,0.07692310000000001,0.416667,0.0655022,-0.406593,-0.886792,0.17647100000000002,-0.657143,0.0,-0.14285699999999998,0.09473680000000001,0.0671463,-0.031446499999999995,-0.473684,-0.636364,-0.46341499999999997,0.0666667,-0.333333
433,1,-0.5217390000000001,-0.6153850000000001,0.194444,-0.676856,-0.8461540000000001,-0.811321,-0.5163399999999999,0.08571430000000001,-0.666667,-0.6,-0.505263,-0.6570739999999999,-0.496855,-0.605263,-0.454545,0.414634,-0.4,-0.333333
435,1,0.347826,0.384615,0.805556,-0.44104799999999994,-0.8461540000000001,-0.698113,0.254902,-0.657143,0.166667,0.257143,-0.0526316,0.0959233,0.40880500000000003,-0.657895,-0.181818,-0.0243902,-0.266667,0.0666667
437,3,-0.130435,-0.307692,-0.333333,-0.834061,-0.9120879999999999,-0.811321,-0.699346,0.428571,-0.833333,-0.257143,-0.642105,-0.81295,-0.42138400000000004,-0.5,0.454545,-0.414634,-0.4,-0.733333
440,1,0.0869565,0.07692310000000001,0.916667,-0.14410499999999998,-0.736264,-0.660377,0.137255,-0.5428569999999999,0.0,0.0285714,-0.189474,-0.0359712,-0.295597,-0.947368,-0.909091,0.6097560000000001,0.2,0.8
441,1,0.21739099999999997,0.384615,0.611111,-0.21397399999999997,-0.714286,-0.698113,0.0849673,-0.5428569999999999,-0.166667,0.228571,-0.0631579,-0.06954439999999999,0.383648,-0.789474,-1.0,-0.512195,0.0666667,0.333333
447,1,0.21739099999999997,0.461538,0.694444,-0.187773,-0.67033,-0.735849,-0.00653595,-0.48571400000000003,-0.166667,0.257143,-0.178947,-0.177458,0.18239,-0.789474,0.272727,-0.268293,0.13333299999999998,0.4
449,2,0.21739099999999997,0.538462,0.416667,-0.21397399999999997,-0.604396,-0.849057,0.20261400000000002,-0.657143,0.0,0.228571,0.0631579,0.08393289999999999,0.320755,-0.5,-0.545455,-0.317073,0.0666667,-0.266667
450,3,-0.21739099999999997,-0.538462,0.166667,-0.475983,-0.538462,-0.698113,-0.594771,0.14285699999999998,-0.666667,-0.457143,-0.642105,-0.702638,-0.383648,-0.763158,0.181818,-0.560976,0.0,0.333333
451,2,-0.21739099999999997,0.0,-0.027777800000000002,-0.292576,-0.384615,-0.811321,-0.45098,-0.08571430000000001,-0.666667,-0.171429,-0.494737,-0.573141,0.044025199999999994,-0.657895,-0.272727,-0.6097560000000001,0.0666667,0.2
452,0,-0.0869565,-0.692308,-0.055555600000000004,-0.43231400000000003,-0.736264,-0.811321,-0.346405,-0.14285699999999998,-0.5,-0.571429,-0.494737,-0.496403,-0.735849,-0.8947370000000001,-0.454545,-0.707317,0.466667,0.533333
454,2,-0.043478300000000004,-0.230769,-0.138889,-0.519651,-0.626374,-0.849057,-0.568627,0.08571430000000001,-0.666667,-0.342857,-0.5894739999999999,-0.6690649999999999,-0.22012600000000002,-0.789474,-0.272727,-0.804878,0.266667,0.266667
457,3,-0.173913,-0.230769,-0.166667,-0.8253280000000001,-0.8901100000000001,-0.849057,-0.647059,0.314286,-0.833333,-0.257143,-0.642105,-0.764988,-0.20754699999999998,-0.473684,-0.636364,-0.21951199999999998,-0.533333,-0.733333
461,3,-0.26087,-0.384615,-0.388889,-0.624454,-0.714286,-0.849057,-0.79085,0.48571400000000003,-0.833333,-0.342857,-0.8,-0.851319,-0.396226,-0.947368,0.181818,-0.804878,0.666667,0.8
463,0,0.043478300000000004,0.07692310000000001,0.138889,-0.310044,-0.626374,-0.7735850000000001,-0.267974,-0.257143,-0.5,-0.08571430000000001,-0.33684200000000003,-0.41966400000000004,-0.081761,-0.710526,0.0,-0.902439,0.0666667,0.13333299999999998
465,2,0.173913,0.230769,0.11111099999999999,-0.10917,-0.49450500000000003,-0.849057,-0.0718954,-0.48571400000000003,-0.333333,0.08571430000000001,-0.2,-0.201439,0.119497,-0.631579,-0.727273,-0.365854,0.466667,0.2
468,0,0.0,0.6153850000000001,0.777778,-0.379913,-0.758242,-0.698113,0.346405,-0.714286,0.166667,0.628571,-0.042105300000000005,0.194245,0.42138400000000004,-0.578947,0.181818,0.121951,-0.333333,-0.13333299999999998
471,3,-0.21739099999999997,-0.153846,-0.277778,-0.5895199999999999,-0.648352,-0.811321,-0.673203,0.257143,-0.833333,-0.2,-0.621053,-0.769784,-0.27044,-0.657895,-0.909091,-0.560976,-0.2,-0.13333299999999998
472,0,0.347826,0.692308,0.916667,0.100437,-0.5604399999999999,-0.622642,0.385621,-0.771429,0.166667,0.6,0.0526316,0.251799,0.47169799999999995,-0.789474,-0.272727,0.0731707,0.0,0.4
473,2,0.391304,0.307692,0.47222200000000003,-0.39738,-0.8461540000000001,-0.924528,0.437908,-0.771429,0.333333,0.171429,0.305263,0.321343,0.22012600000000002,-0.368421,-0.636364,-0.414634,-0.333333,-0.8
474,0,0.478261,0.769231,0.805556,-0.14410499999999998,-0.692308,-0.660377,0.42483699999999996,-0.771429,0.333333,0.742857,0.09473680000000001,0.297362,0.295597,-0.657895,0.363636,-0.9512200000000001,-0.13333299999999998,0.0
477,0,0.21739099999999997,0.692308,0.694444,-0.310044,-0.78022,-0.584906,0.477124,-0.771429,0.333333,0.685714,0.0,0.335731,0.194969,-0.684211,-0.545455,-0.512195,-0.333333,0.13333299999999998
478,3,-0.304348,0.0,0.055555600000000004,-0.5982529999999999,-0.648352,-0.660377,-0.37254899999999996,-0.0285714,-0.5,0.2,-0.578947,-0.5611510000000001,-0.15723299999999998,-0.631579,-0.545455,-0.560976,-0.4,-0.13333299999999998
481,1,0.347826,0.692308,0.666667,-0.152838,-0.582418,-0.698113,0.333333,-0.714286,0.166667,0.571429,-0.010526299999999999,0.189448,0.40880500000000003,-0.605263,-0.909091,-0.9512200000000001,-0.4,-0.13333299999999998
482,0,0.347826,0.6153850000000001,0.416667,-0.0829694,-0.5604399999999999,-0.660377,0.385621,-0.714286,0.166667,0.48571400000000003,-0.021052599999999998,0.23021599999999998,0.09433960000000001,-0.605263,-0.636364,0.0243902,-0.266667,0.0
488,1,-0.130435,-0.07692310000000001,0.138889,-0.36244499999999996,-0.626374,-0.811321,-0.37254899999999996,-0.14285699999999998,-0.5,-0.171429,-0.473684,-0.522782,-0.00628931,-0.710526,0.0,-0.46341499999999997,0.0666667,0.2
492,1,0.043478300000000004,-0.07692310000000001,0.0,-0.379913,-0.714286,-0.735849,-0.41176499999999994,-0.08571430000000001,-0.5,-0.11428599999999998,-0.473684,-0.5539569999999999,-0.245283,-0.8947370000000001,0.454545,-0.414634,0.466667,0.666667
493,2,-0.478261,-0.230769,-0.277778,-0.772926,-0.78022,-0.849057,-0.490196,0.08571430000000001,-0.666667,-0.28571399999999997,-0.5473680000000001,-0.642686,-0.257862,-0.28947399999999995,-0.636364,-0.560976,-0.733333,-0.866667
494,0,0.26087,0.6153850000000001,0.611111,-0.36244499999999996,-0.802198,-0.698113,0.39869299999999996,-0.714286,0.333333,0.514286,-0.0631579,0.251799,0.433962,-0.657895,-0.545455,-0.170732,-0.333333,0.0
495,2,0.434783,0.6153850000000001,0.805556,-0.475983,-0.978022,-0.886792,0.764706,-0.942857,0.666667,0.342857,0.463158,0.695444,0.685535,-0.342105,0.0909091,-0.9512200000000001,-0.666667,-0.933333
496,2,-0.0869565,-0.07692310000000001,-0.11111099999999999,-0.344978,-0.516484,-0.849057,-0.42483699999999996,-0.14285699999999998,-0.666667,-0.257143,-0.463158,-0.546763,0.031446499999999995,-0.736842,-0.545455,-0.7560979999999999,0.13333299999999998,0.13333299999999998
497,0,0.434783,0.692308,0.611111,0.0480349,-0.538462,-0.660377,0.346405,-0.714286,0.166667,0.48571400000000003,-0.0315789,0.18705,0.320755,-0.763158,-0.818182,0.414634,-0.13333299999999998,0.333333
499,3,-0.347826,-0.769231,-0.638889,-0.9213969999999999,-0.78022,-0.9622639999999999,-0.9215690000000001,0.771429,-1.0,-0.714286,-0.926316,-0.9520379999999999,-0.660377,-0.236842,-0.363636,-0.317073,-0.733333,-0.866667
503,0,-0.434783,-0.769231,-0.277778,-0.790393,-0.78022,-0.7735850000000001,-0.751634,0.48571400000000003,-0.833333,-0.742857,-0.810526,-0.83693,-0.622642,-0.552632,-0.545455,0.317073,-0.533333,-0.6
504,1,-0.21739099999999997,-0.538462,-0.11111099999999999,-0.746725,-0.824176,-0.811321,-0.555556,0.14285699999999998,-0.666667,-0.6,-0.578947,-0.688249,-0.496855,-0.526316,-0.181818,-0.121951,-0.466667,-0.466667
505,0,0.043478300000000004,0.0,0.5,-0.0829694,-0.5604399999999999,-0.698113,0.0849673,-0.5428569999999999,-0.166667,-0.171429,-0.010526299999999999,-0.0671463,0.06918239999999999,-0.710526,-1.0,-0.317073,-0.2,0.0666667
506,1,0.8260870000000001,0.538462,0.666667,-0.117904,-0.626374,-0.660377,0.41176499999999994,-0.771429,0.333333,0.371429,0.042105300000000005,0.261391,0.320755,-0.684211,0.909091,-0.46341499999999997,-0.13333299999999998,0.2
507,1,0.21739099999999997,0.384615,1.0,-0.152838,-0.736264,-0.660377,0.333333,-0.657143,0.166667,0.257143,-0.021052599999999998,0.158273,0.06918239999999999,-0.8421049999999999,-1.0,0.7560979999999999,-0.0666667,0.666667
508,0,-0.130435,-0.8461540000000001,0.055555600000000004,-0.49345,-0.714286,-0.7735850000000001,-0.503268,0.08571430000000001,-0.666667,-0.8,-0.557895,-0.647482,-0.647799,-0.789474,-0.818182,0.6097560000000001,0.0,0.13333299999999998
510,0,0.21739099999999997,0.692308,0.805556,-0.318777,-0.736264,-0.698113,0.346405,-0.714286,0.166667,0.685714,-0.042105300000000005,0.184652,0.433962,-0.605263,0.0909091,0.268293,-0.333333,-0.0666667
511,2,-0.434783,-0.230769,-0.166667,-0.80786,-0.802198,-0.849057,-0.529412,0.14285699999999998,-0.666667,-0.228571,-0.621053,-0.681055,-0.22012600000000002,-0.28947399999999995,-0.454545,-0.560976,-0.8,-0.933333
515,3,-0.304348,-0.6153850000000001,-0.055555600000000004,-0.7030569999999999,-0.736264,-0.811321,-0.686275,0.314286,-0.833333,-0.571429,-0.610526,-0.77458,-0.7610060000000001,-0.657895,-0.363636,-0.658537,-0.13333299999999998,-0.2
516,0,-0.8695649999999999,-0.6153850000000001,-0.5,-0.8165939999999999,-0.758242,-0.886792,-0.72549,0.428571,-0.833333,-0.742857,-0.768421,-0.8201440000000001,-0.5471699999999999,-0.263158,-1.0,0.0243902,-0.933333,-0.8
518,1,0.478261,0.6153850000000001,0.8888889999999999,0.0829694,-0.538462,-0.622642,0.385621,-0.714286,0.333333,0.48571400000000003,-0.021052599999999998,0.23740999999999998,0.44654099999999997,-0.789474,0.181818,0.21951199999999998,-0.0666667,0.533333
525,0,0.391304,0.461538,0.8611110000000001,-0.100437,-0.714286,-0.660377,0.385621,-0.714286,0.166667,0.4,-0.042105300000000005,0.239808,0.10691800000000001,-0.815789,-1.0,-0.0243902,0.0,0.466667
526,1,-0.173913,-0.07692310000000001,0.0,-0.49345,-0.78022,-0.811321,-0.385621,-0.14285699999999998,-0.5,-0.171429,-0.431579,-0.527578,-0.144654,-0.736842,-0.272727,-0.512195,-0.0666667,-0.0666667
527,1,0.043478300000000004,-0.153846,0.527778,-0.14410499999999998,-0.582418,-0.735849,-0.00653595,-0.48571400000000003,-0.166667,-0.257143,-0.09473680000000001,-0.179856,-0.169811,-0.657895,0.363636,-0.46341499999999997,-0.0666667,0.0666667
